motif,counts,distance,mds,ks_stat,pval_distance,pval_mds,pval_ks
HO_VDR_HUMAN.H10MO.S,165200.0,-40.0115558641,0.0291876285473,0.0401548403299,0.0,0.0,0.0
HO_FOXG1_HUMAN.H10MO.D,23132.0,-52.6349653875,0.0145551917284,0.0646289330587,5.61678620248e-05,6.06131291294e-05,0.0
HO_RARB_HUMAN.H10MO.D,35281.0,-70.9760161788,0.0472617213929,0.0713460714282,4.43913794612e-11,0.0,0.0
HO_IKZF1_HUMAN.H10MO.C,91646.0,-60.360137216,0.0362541659697,0.060246977388,0.0,0.0,0.0
HO_RARA_HUMAN.H10MO.S,78367.0,-35.8883353704,0.0262426903621,0.0372836151648,1.95194401753e-07,0.0,0.0
HO_THA_HUMAN.H10MO.C,18517.0,-85.6019279927,0.0543624928086,0.0882355846383,1.10332381009e-08,0.0,0.0
HO_PAX5_HUMAN.H10MO.S,83489.0,-60.4206379537,0.0443868911387,0.0604964153715,0.0,0.0,0.0
HO_RARG_HUMAN.H10MO.S,59377.0,-47.244833324,0.0334896581985,0.0471207092826,4.84397499889e-09,0.0,0.0
HO_HMGA1_HUMAN.H10MO.D,96820.0,-47.3910692385,0.0295553661185,0.0474318700699,1.72528658027e-13,0.0,0.0
HO_NKX25_HUMAN.H10MO.C,67659.0,-33.8078948123,0.0170475702524,0.0339885459082,7.37674436735e-06,2.61124455392e-13,1.11022302463e-14
HO_TBX5_HUMAN.H10MO.D,18589.0,-59.2403950488,0.0275158802875,0.0654702810849,6.56247944493e-05,2.00922989357e-09,3.17523785043e-14
HO_SRY_HUMAN.H10MO.B,43742.0,-35.5474352657,0.0102498972143,0.0402700231125,0.000152087159156,0.000128099178742,1.63757896132e-13
HO_FOXL1_HUMAN.H10MO.D,18274.0,-52.1768074346,0.0149364699652,0.0623083715484,0.000381392601636,0.000297074593131,3.13304937549e-13
HO_SNAI2_HUMAN.H10MO.C,79942.0,-25.2773114614,0.017062273965,0.0291571303808,0.00015832124644,4.49418280368e-13,6.42819131258e-13
HO_FOXO1_HUMAN.H10MO.C,24006.0,-41.6536220669,0.00826086404157,0.0489099643731,0.000930753315718,0.0222946979018,4.34371427716e-11
HO_FUBP1_HUMAN.H10MO.D,13775.0,-55.1412044535,0.0233987455544,0.0628582623819,0.000946296171268,2.1075049017e-06,1.93077442923e-10
HO_KLF4_HUMAN.H10MO.A,17864.0,33.507829087,-0.0246046120955,0.0505053072512,0.000236180298911,3.40965738752e-05,1.10412157195e-09
HO_FOXD3_HUMAN.H10MO.D,20922.0,-41.1591761764,0.0165022986422,0.0461088049678,0.00198922039316,2.36657207238e-05,7.96028942762e-09
HO_HTF4_HUMAN.H10MO.B,10208.0,-60.1656116223,0.0352866656594,0.0647979544985,0.00194545996183,3.5803151377e-07,7.68157168984e-08
HO_THB_HUMAN.H10MO.C,6145.0,-74.1761736457,0.0476473698296,0.0822550133517,0.00375543600917,8.61263615981e-09,9.04932559997e-08
HO_PAX5_HUMAN.H10MO.A,5399.0,-87.6272365973,0.0485560275302,0.0863800065481,0.00146992541864,1.54542769693e-08,2.0725590133e-07
HO_FOXJ3_HUMAN.H10MO.A,9543.0,-40.3015226033,0.00688252034419,0.0606826492203,0.0460556379046,0.228691867411,7.60332249272e-07
HO_ITF2_HUMAN.H10MO.B,15429.0,-42.48432078,0.0244442087237,0.0429913545496,0.00506145277714,1.10024443654e-05,1.31877633988e-05
HO_CPEB1_HUMAN.H10MO.D,26531.0,-21.4671771755,0.0106354741317,0.0320339682732,0.0771976026719,0.00188228254991,1.99649232366e-05
HO_HES7_HUMAN.H10MO.D,1289.0,-112.334383891,0.0628163728399,0.146903635271,0.0542226167037,0.000678896268927,3.73060507812e-05
HO_SOX10_HUMAN.H10MO.D,94185.0,14.6277577879,-0.00908590739878,0.015833394922,0.015788038897,2.69079653048e-06,4.84195525892e-05
HO_PITX1_HUMAN.H10MO.D,1246.0,86.6424524902,-0.0563001357522,0.138617111885,0.0974260981265,0.0047540188432,7.9583411641e-05
HO_KLF15_HUMAN.H10MO.D,4605.0,-49.4447732223,0.0278287136694,0.0693768802846,0.0389413264814,0.00637315409165,9.24321659144e-05
HO_MAFA_HUMAN.H10MO.D,801.0,-125.400989235,0.0654739485248,0.165294241425,0.0445488945725,0.0088762907234,9.65493094685e-05
HO_GATA1_HUMAN.H10MO.A,1070.0,66.9751906677,-0.0688803088803,0.141468067041,0.161899904661,0.00265510212054,0.000108115285471
HO_TBX2_HUMAN.H10MO.D,3558.0,-67.3360256952,0.0244395642898,0.0844117651973,0.0502880757313,0.0268038577249,0.000124332724162
HO_HEY1_HUMAN.H10MO.D,1445.0,-105.278383271,0.0648269000606,0.128868425345,0.0551187506671,0.000207613193171,0.000156644615947
HO_ZN219_HUMAN.H10MO.D,3700.0,-57.9779923923,0.0275567708744,0.0775455844896,0.069215394963,0.00973889142964,0.000174325685764
HO_HES5_HUMAN.H10MO.D,1404.0,-106.280699938,0.0639603412132,0.129502000889,0.0588415034628,0.000260312939498,0.00020629616275
HO_MYCN_HUMAN.H10MO.B,4304.0,54.9731241222,-0.030119726161,0.0680978835721,0.027842068732,0.00613583645096,0.000215481487051
HO_FOXJ3_HUMAN.H10MO.S,15243.0,-28.8841821055,0.00480956904314,0.0374718916697,0.0711554848303,0.29398565613,0.000255230302339
HO_FOXD1_HUMAN.H10MO.D,1006.0,-101.348904853,0.0569941474473,0.135335130613,0.05789007712,0.025444982387,0.00067985010751
HO_TYY2_HUMAN.H10MO.D,322.0,-152.980775062,0.0876623376623,0.219678290478,0.0313858633027,0.0799427212564,0.000714910707227
HO_ARI3A_HUMAN.H10MO.D,8602.0,-34.3550740132,0.0050851603897,0.0454514658435,0.105783305071,0.390522877551,0.00107207775361
HO_MESP1_HUMAN.H10MO.D,5013.0,-40.0649009229,0.0271595084037,0.0592957768293,0.13441966915,0.00326413673997,0.00112146225696
HO_ARI5B_HUMAN.H10MO.C,660.0,111.242698824,-0.0382126474443,0.154868305757,0.123762978001,0.0979613992379,0.00145947536247
HO_OTX1_HUMAN.H10MO.D,18575.0,-27.1360550063,0.0121745400761,0.0293375895033,0.0556449953768,0.00526952478652,0.00192044474425
HO_MITF_HUMAN.H10MO.C,1104.0,74.9310330494,-0.00765723638064,0.115150848235,0.168752607411,0.682349765854,0.00254431184385
HO_SP1_HUMAN.H10MO.C,14805.0,11.7622018522,-0.0115114185632,0.0306415259418,0.209961877672,0.0753650236705,0.00298483563136
HO_ARI3A_HUMAN.H10MO.S,64061.0,-6.238497447,-0.00377208927788,0.015095412421,0.415935291699,0.0774966716532,0.00339195748142
HO_MECP2_HUMAN.H10MO.C,50376.0,12.2342017411,-0.00264107798581,0.0162748155702,0.0407098045331,0.487340117748,0.00400498684681
HO_ARNT_HUMAN.H10MO.B,2816.0,50.3323110771,-0.0137738274608,0.0690457203615,0.102376165152,0.299810366632,0.00414651280899
HO_TFEB_HUMAN.H10MO.C,1572.0,64.6037443552,-0.062656641604,0.091904229134,0.0663835994824,0.0029518111697,0.00452577737226
HO_HEY2_HUMAN.H10MO.D,1288.0,-92.4013502176,0.0334574336064,0.108586967695,0.101069351727,0.0829961812425,0.00504758430017
HO_FOXC1_HUMAN.H10MO.C,805.0,-78.0091277621,0.076743537425,0.130646328318,0.182378634076,0.00899644646389,0.00563248547249
HO_MEF2B_HUMAN.H10MO.D,245.0,147.228547363,-0.103095928016,0.231002331002,0.243045651926,0.00299502068208,0.00567823964361
HO_XBP1_HUMAN.H10MO.C,146.0,193.573011523,-0.113312693498,0.289787234043,0.176326171483,0.0315622073779,0.00635093059549
HO_HXD3_HUMAN.H10MO.D,241.0,167.713517086,-0.144177018634,0.224920886076,0.166666338133,0.00100463423989,0.00776134137573
HO_STA5B_HUMAN.H10MO.C,2282.0,-37.6582177869,0.0159828705622,0.0722430466825,0.330165386709,0.194581713011,0.00948693519373
HO_SRF_HUMAN.H10MO.A,1415.0,-60.4147576848,0.0328641737905,0.0940468514937,0.238447696603,0.0389828356699,0.00978623962763
HO_HXD12_HUMAN.H10MO.D,2824.0,-51.0115842381,0.0186776206948,0.0660434373494,0.170846935882,0.0512372022077,0.00991915615381
HO_PRD14_HUMAN.H10MO.C,664.0,-99.9426537235,0.05012157562,0.134382619296,0.188661480068,0.0249423683586,0.0119160618928
HO_TAL1_HUMAN.H10MO.S,205.0,-97.8870971452,0.0879310344828,0.241054613936,0.461510363947,0.0695223051705,0.0125393709904
HO_LEF1_HUMAN.H10MO.C,61522.0,8.19828605413,-0.0117699564569,0.0136178375962,0.275896158514,1.14579369437e-06,0.0128680033733
HO_HXD13_HUMAN.H10MO.D,2313.0,-35.6920143093,0.00817212438446,0.0707669299106,0.372938704516,0.50642639725,0.0135596655148
HO_ATF2_HUMAN.H10MO.B,945.0,34.0797628064,-0.0480780017201,0.104042253521,0.300676888626,0.0913622360007,0.0138405426983
HO_ATF3_HUMAN.H10MO.A,1342.0,51.624500106,-0.035250376506,0.0876518758601,0.10575238204,0.132619180398,0.0144991968766
HO_NFKB1_HUMAN.H10MO.B,450.0,100.106110701,-0.0810247372606,0.152083333333,0.16253923241,0.0311647008545,0.0151697261626
HO_LMX1B_HUMAN.H10MO.D,3657.0,-29.3303725788,0.00453046177726,0.0563888377207,0.381102934372,0.602975277542,0.015198639628
HO_SP3_HUMAN.H10MO.B,20988.0,7.35067161327,-0.000610639663169,0.022140455944,0.353825258179,0.910738000367,0.0166054103777
HO_FOXM1_HUMAN.H10MO.D,7682.0,-26.8757978068,0.00499392347612,0.0373543539815,0.217219701374,0.423609870127,0.0171817479459
HO_NR5A2_HUMAN.H10MO.C,2641.0,-41.1737331854,0.0116176171313,0.0627902541676,0.271047502001,0.299214705145,0.0202868316909
HO_LHX4_HUMAN.H10MO.D,3083.0,-42.3571641376,0.011343312503,0.0579007169547,0.236773491375,0.246080833172,0.0215850639693
HO_HXB3_HUMAN.H10MO.D,1535.0,-42.8377198062,0.00103898923406,0.081327573335,0.395100235369,0.939316208742,0.02222578799
HO_BPTF_HUMAN.H10MO.D,8506.0,-24.7078674451,0.00676207539326,0.0348975052655,0.239629160651,0.259828856019,0.0223862581446
HO_BARX2_HUMAN.H10MO.D,3583.0,-28.516865379,0.0156771192687,0.0527204299078,0.376238764236,0.0811706598593,0.0249424645984
HO_TGIF1_HUMAN.H10MO.S,75773.0,-10.9834774258,0.0082784637921,0.0115476274185,0.106981511781,0.000287828551488,0.0249552132705
HO_P73_HUMAN.H10MO.A,2457.0,-51.3562840272,0.03940669644,0.0673798191704,0.209343030598,0.00554648386349,0.0252536665056
HO_FOXB1_HUMAN.H10MO.D,661.0,-79.8950712905,0.00216348309569,0.124700727289,0.316408331115,0.902332573342,0.0278858868941
HO_BHE40_HUMAN.H10MO.A,434.0,117.197001066,-0.0529214559387,0.147095119413,0.108484545078,0.132583479247,0.0284821786948
HO_KLF14_HUMAN.H10MO.D,887.0,75.5686724787,-0.00104948195784,0.101795231417,0.098036936763,0.967556608482,0.0285378981636
HO_ZN143_HUMAN.H10MO.A,681.0,81.6737370751,-0.0177740398094,0.11448321264,0.113110891237,0.534037005906,0.0302985278693
HO_NR2E1_HUMAN.H10MO.D,208.0,-122.241413098,0.0403855910705,0.206467661692,0.334055901091,0.267220893521,0.0314212923586
HO_TBX15_HUMAN.H10MO.D,12022.0,-8.36620867921,0.00325288873099,0.0272387041755,0.561108462207,0.567340065872,0.0330147911214
HO_PAX4_HUMAN.H10MO.D,463.0,99.4335784123,-0.0369768734237,0.140920473189,0.271995267014,0.159688159678,0.0332785070309
HO_ELK1_HUMAN.H10MO.A,1429.0,42.08860138,-0.0271726503525,0.0776779245211,0.133051504407,0.283367110257,0.0349385180248
HO_ZN713_HUMAN.H10MO.D,2738.0,-25.6972426338,-0.00822338507431,0.0586962606571,0.479610207848,0.472482775923,0.0353219666372
HO_ELF3_HUMAN.H10MO.D,727.0,89.5036171798,-0.0305903866249,0.111449953555,0.172825269645,0.224221305129,0.0369695066319
HO_LHX3_HUMAN.H10MO.C,2431.0,-46.6486486811,0.000938735570918,0.0617218511374,0.252319458223,0.93099596956,0.0374211096227
HO_PITX2_HUMAN.H10MO.D,1169.0,41.3459835963,0.00994360046084,0.0873288592409,0.464912022192,0.576705292052,0.0385376517596
HO_TF65_HUMAN.H10MO.A,465.0,91.061904347,-0.0865403788634,0.131888258262,0.215896873432,0.00819755208704,0.0435030679751
HO_ZEP1_HUMAN.H10MO.D,487.0,85.0010197154,-0.022608539002,0.128234952021,0.242686176613,0.462704613969,0.0437190493387
HO_RREB1_HUMAN.H10MO.D,2841.0,-24.6235060364,0.00439755456877,0.054666630871,0.467830277039,0.677002080748,0.0446744819994
HO_STAT1_HUMAN.H10MO.A,305.0,104.68499715,0.0302797270018,0.164764413228,0.342533503669,0.247470269801,0.0450167992452
HO_VSX1_HUMAN.H10MO.D,872.0,43.8595087906,0.0123900879297,0.0992871101479,0.507001303097,0.440880688979,0.0450937898962
HO_STA5A_HUMAN.H10MO.B,1377.0,-34.3866978099,0.0264077532541,0.0770326280329,0.490306133633,0.0834293717102,0.0493854973939
HO_FOXC2_HUMAN.H10MO.D,1140.0,48.0108330938,-0.010506349548,0.0835603720396,0.295056119175,0.604058940251,0.0498349270751
HO_PROP1_HUMAN.H10MO.D,1153.0,-44.3363259452,-0.0140645965114,0.084560137457,0.439215927301,0.372690181384,0.050772120366
HO_MAFK_HUMAN.H10MO.A,205.0,123.404060486,-0.0107150913603,0.200646501963,0.378918380035,0.786705189849,0.0556859381851
HO_SOX15_HUMAN.H10MO.D,64943.0,7.73547429679,-0.0104402940686,0.0111083972494,0.291845470555,8.17083900539e-06,0.0567657173439
HO_ERG_HUMAN.H10MO.B,301.0,97.7932599013,-0.0420353982301,0.156655844156,0.132666637994,0.42404646847,0.057545491749
HO_SHOX_HUMAN.H10MO.D,3996.0,-23.6600098224,0.0017825311943,0.0454800965378,0.451607548444,0.826954347231,0.0580217257837
HO_E4F1_HUMAN.H10MO.D,403.0,37.9009667106,-0.0709152507571,0.133635892116,0.391962114675,0.120591390733,0.0587800791191
HO_AP2D_HUMAN.H10MO.D,535.0,54.2861680535,0.016195497379,0.117790811339,0.264025694811,0.693334835679,0.061059441323
HO_TBR1_HUMAN.H10MO.D,285.0,-93.8228248114,0.00406594630723,0.163497453311,0.40953895471,0.903759400878,0.0633478177576
HO_ETV1_HUMAN.H10MO.B,1931.0,30.0277355336,-0.0378751372665,0.0615461238933,0.234504102285,0.081826462613,0.0652239097742
HO_UBIP1_HUMAN.H10MO.D,145604.0,4.20381928319,6.40966095838e-07,0.00723535177167,0.378778549363,0.99969452265,0.0658999632061
HO_FIGLA_HUMAN.H10MO.D,906.0,-46.6487164582,0.0193500539374,0.0920831945064,0.477211823657,0.260061383229,0.0678954803672
HO_PRRX1_HUMAN.H10MO.D,30111.0,13.8254021506,-0.00703036540179,0.0159438104251,0.204322940388,0.0359824791208,0.0688832730773
HO_NR6A1_HUMAN.H10MO.B,323.0,-48.9784581057,0.0151890602056,0.155985095482,0.65599668954,0.65215684598,0.0693372092436
HO_MSX2_HUMAN.H10MO.D,22360.0,-10.9125779927,-0.00362998714338,0.0184133894285,0.399399670377,0.325286168365,0.0704498250426
HO_PRGR_HUMAN.H10MO.C,790.0,49.4339358779,-0.0259616255811,0.0950438707145,0.449019595605,0.202925953869,0.0712861597247
HO_SOX17_HUMAN.H10MO.D,279.0,-75.3114513528,0.0377512562814,0.16845671909,0.53684962975,0.142825512506,0.0722438401767
HO_BATF_HUMAN.H10MO.S,1305.0,46.5369717951,-0.00539154075616,0.075815645452,0.368473526005,0.722580140906,0.0731137006534
HO_SHOX2_HUMAN.H10MO.D,3011.0,-28.6059630288,-0.00160303722465,0.0504943715308,0.429814587283,0.864746241564,0.0738321720057
HO_RAX2_HUMAN.H10MO.D,1318.0,-58.5281869843,0.0135529169035,0.0751119033472,0.264322453112,0.401457185479,0.0741011500612
HO_VDR_HUMAN.H10MO.B,960.0,-46.6737495288,0.052956949203,0.0907622790834,0.361968786976,0.0685641275924,0.0756121373182
HO_ISX_HUMAN.H10MO.D,2743.0,-33.4113262163,-0.00845322845622,0.0525215400899,0.372796892923,0.421477185497,0.0765986652976
HO_PO2F1_HUMAN.H10MO.B,3172.0,23.0047401164,-0.0160171381045,0.0466275605024,0.47506311782,0.0690620904886,0.0768285347209
HO_HMX2_HUMAN.H10MO.D,1071.0,-36.1943302485,-0.0106848214075,0.082224191685,0.539586412131,0.508521945602,0.0775386368809
HO_HBP1_HUMAN.H10MO.D,4434.0,24.9440566878,-0.00961555690138,0.0398933731503,0.380916371922,0.24169742937,0.0792405150284
HO_CXXC1_HUMAN.H10MO.D,8498.0,16.2249011243,-0.000632588008838,0.029117170859,0.383675053916,0.934718905879,0.079457275215
HO_CEBPG_HUMAN.H10MO.C,1307.0,-37.6790500066,0.0368796103155,0.0762752013476,0.502081757049,0.0265418605995,0.0903738382832
HO_PKNX2_HUMAN.H10MO.D,766.0,35.7987909393,-0.00138082773795,0.0940476190476,0.603184314323,0.9454128965,0.0906385941359
HO_STAT6_HUMAN.H10MO.C,885.0,-19.7050590533,0.00186293776198,0.0874747405555,0.751845675962,0.930378396938,0.0908584109168
HO_LHX6_HUMAN.H10MO.D,320.0,-67.8470495482,-0.0263636363636,0.148055901481,0.548621130488,0.397358064807,0.0913273228225
HO_PAX6_HUMAN.H10MO.D,75.0,136.403985844,0.016862170088,0.285271317829,0.460395069118,0.815797660722,0.091941639412
HO_SNAI1_HUMAN.H10MO.C,9120.0,-14.7698167254,0.0113177997364,0.0276406434268,0.432552043133,0.115615696118,0.0933571822137
HO_ZEP2_HUMAN.H10MO.D,382.0,86.45173171,-0.0460689484127,0.133176470588,0.258411073346,0.256982253,0.0935938678215
HO_EHF_HUMAN.H10MO.S,715.0,35.2487651342,-0.0555407801418,0.0975233302999,0.583751165131,0.0372108682775,0.0945187786594
HO_ZN639_HUMAN.H10MO.D,1227.0,19.1677647224,-0.00985949466321,0.070695819582,0.348259120881,0.715583040425,0.0985119140456
HO_SUH_HUMAN.H10MO.C,2639.0,34.5732372389,-0.0246984602554,0.0501480611531,0.320996337754,0.0531091091731,0.100613940015
HO_GBX1_HUMAN.H10MO.D,4043.0,-16.2113671488,-0.00247777551574,0.0410827951553,0.600656587846,0.760493914294,0.102014653563
HO_REL_HUMAN.H10MO.C,1022.0,59.5710133699,-0.0524146681029,0.0794334975369,0.260914421001,0.0125731402226,0.105495450914
HO_NDF1_HUMAN.H10MO.C,596.0,-79.0492871885,0.0468083528059,0.102954364289,0.249738415249,0.105916128137,0.106824782975
HO_GLIS2_HUMAN.H10MO.D,56.0,-69.357349344,0.0111111111111,0.327819548872,0.721197151279,0.897506221888,0.112242192266
HO_ETV7_HUMAN.H10MO.D,305.0,-75.9992801151,-0.0239544093499,0.143564356436,0.441126596535,0.545493758989,0.113767658996
HO_FOSB_HUMAN.H10MO.C,1391.0,-38.2953058449,-0.0100320512821,0.0695999604166,0.443750634313,0.561505374931,0.114364304666
HO_PDX1_HUMAN.H10MO.C,1793.0,-31.3868255652,-0.00593853938653,0.0600386463517,0.485743135113,0.655730619384,0.114438051669
HO_MNX1_HUMAN.H10MO.D,2441.0,-8.44695105441,0.0085009487666,0.0516935540191,0.831815497681,0.395630618357,0.115133117401
HO_SOX1_HUMAN.H10MO.D,246.0,84.2748598108,-0.00939892367164,0.160951498301,0.505534637346,0.766386615339,0.115401442643
HO_MEF2D_HUMAN.H10MO.C,640.0,73.0914650638,-0.0499356678374,0.101877802691,0.328224834138,0.0219455068353,0.115807045654
HO_PO4F3_HUMAN.H10MO.D,435.0,61.3586495305,-0.0226048752834,0.119135124815,0.511127763307,0.371319555695,0.119098735687
HO_ATOH1_HUMAN.H10MO.D,648.0,-50.2272867492,0.00337432846424,0.0997149086031,0.509433177585,0.868688884764,0.119868075922
HO_GLIS3_HUMAN.H10MO.D,907.0,-30.5033872476,0.00880550489843,0.0816242821985,0.569969909579,0.678367307927,0.119993390512
HO_THAP1_HUMAN.H10MO.D,1375.0,-48.009643284,0.0359211091619,0.0653727537585,0.111064430158,0.158038273213,0.120091760912
HO_NFE2_HUMAN.H10MO.B,259.0,130.338471828,-0.0644575883855,0.154103967168,0.245703912712,0.115649651279,0.1216898501
HO_MYF6_HUMAN.H10MO.C,36529.0,10.9231676412,-0.00589191344666,0.0130533666614,0.224939777261,0.117394402682,0.124653921687
HO_AIRE_HUMAN.H10MO.C,678.0,-10.9320668056,-0.00884955752212,0.0949002217295,0.879830647108,0.648591257264,0.126419941794
HO_NKX23_HUMAN.H10MO.D,779.0,-47.4398980891,-0.00960884353741,0.0903781244653,0.48392688527,0.613395702745,0.126838192457
HO_GATA6_HUMAN.H10MO.S,95767.0,-1.33063008034,-0.00606175357139,0.00809744604853,0.829671470236,0.000837371225581,0.127197955642
HO_BATF3_HUMAN.H10MO.D,295.0,93.7625083389,-0.0387179487179,0.142143080287,0.384684225643,0.199717062559,0.129501242273
HO_ESR2_HUMAN.H10MO.S,18791.0,12.1704549855,-0.00454359504799,0.0180803221753,0.359193448685,0.331056088121,0.1298291972
HO_GATA5_HUMAN.H10MO.D,889.0,42.1598535014,-0.0332943234745,0.0833749257279,0.513909499595,0.0943247153558,0.13610417366
HO_P73_HUMAN.H10MO.S,954.0,-47.0253403305,0.0117957609289,0.078223853211,0.399937951173,0.595079913996,0.138021700224
HO_HIF1A_HUMAN.H10MO.A,149.0,130.827784561,-0.059748427673,0.194331983806,0.182852506632,0.371449707557,0.139656945359
HO_RXRB_HUMAN.H10MO.C,1322.0,31.1665513547,0.00483663386889,0.0671282132731,0.530496231142,0.771240423516,0.13966788002
HO_SOX21_HUMAN.H10MO.D,325.0,-49.1633012211,-0.00494965011094,0.133956386293,0.637429171374,0.869806426055,0.141341373091
HO_PPARA_HUMAN.H10MO.C,533.0,64.5686077166,-0.00284200385356,0.105315151908,0.375919465475,0.929986908025,0.14235844935
HO_BARH2_HUMAN.H10MO.D,1070.0,58.4628078871,-0.0450186346696,0.0724724762792,0.307791187882,0.00398748327525,0.144335777105
HO_IRF5_HUMAN.H10MO.D,198.0,144.020489184,-0.103496503497,0.179186228482,0.267735350565,0.0109375113233,0.144968586128
HO_NR2C2_HUMAN.H10MO.A,548.0,57.8215264077,0.0491725768322,0.102006464779,0.430349973295,0.113849941614,0.145685223248
HO_HSF1_HUMAN.H10MO.A,762.0,49.9518566973,-0.0264173666008,0.0868957483984,0.442634706726,0.223879471312,0.147069132557
HO_HXC13_HUMAN.H10MO.D,105.0,108.492556291,0.0270655270655,0.248251748252,0.59490094312,0.601522520892,0.155175969213
HO_FOXO4_HUMAN.H10MO.C,9738.0,-15.4114538389,-0.0100339887985,0.0244245685425,0.431217307404,0.0675779960268,0.155639443737
HO_GABP1_HUMAN.H10MO.C,782.0,24.4546585141,-0.0175496688742,0.0821686930829,0.470806291127,0.617933352427,0.157139022163
HO_CREB3_HUMAN.H10MO.D,104.0,101.617984557,-0.0287081339713,0.224948024948,0.50278291604,0.720560547318,0.159479669699
HO_TGIF2_HUMAN.H10MO.D,800.0,15.4665446691,0.021837045745,0.0824261916543,0.816223194338,0.279751007944,0.16003551443
HO_THB_HUMAN.H10MO.S,317.0,90.0168548624,-0.00762910798122,0.132396043231,0.362771596131,0.844341515436,0.162678086126
HO_HNF1B_HUMAN.H10MO.B,308.0,-33.2300741749,-0.0316162050988,0.13427184466,0.760930344447,0.357010251394,0.162936040935
HO_NKX32_HUMAN.H10MO.C,679.0,48.7754177115,-0.0209573267981,0.0901615271659,0.478652123314,0.38072133639,0.163275783125
HO_NRF1_HUMAN.H10MO.A,2175.0,9.21867112536,-0.0206817241144,0.0485066139418,0.520221341032,0.315711715021,0.16369566292
HO_LHX2_HUMAN.H10MO.D,627.0,8.40624819357,0.0205737704918,0.094970155944,0.916395587563,0.308230207718,0.16384571726
HO_GABPA_HUMAN.H10MO.A,807.0,40.5066724379,-0.0432417821495,0.0806158699859,0.194739485071,0.214473196771,0.167074151137
HO_HSF4_HUMAN.H10MO.D,492.0,48.4171265692,-0.0447811447811,0.10572221488,0.559935324143,0.119042092643,0.167791611431
HO_MZF1_HUMAN.H10MO.D,6902.0,7.04901570056,-0.0096537724293,0.0280370342716,0.74412561645,0.21462824063,0.171362366776
HO_TFDP1_HUMAN.H10MO.D,17215.0,6.54711491328,-0.00266492200002,0.0174102265104,0.409319965714,0.678060150039,0.173456632229
HO_SMAD2_HUMAN.H10MO.C,566.0,-44.4771400111,0.00359844612554,0.095989010989,0.552856695328,0.887210069962,0.175386854692
HO_ZBTB4_HUMAN.H10MO.D,73.0,-159.529686458,0.1475,0.266843971631,0.409368435534,0.0819824989847,0.175392192585
HO_PRRX2_HUMAN.H10MO.C,58318.0,-2.98318605936,-0.00732003759251,0.00970997502894,0.709470584114,0.00106129810846,0.17650693638
HO_KLF16_HUMAN.H10MO.D,11125.0,5.51527660841,0.00089364479073,0.02177829633,0.687224905704,0.889699214892,0.176786798088
HO_SCRT2_HUMAN.H10MO.D,284.0,-56.7410631911,0.0591755319149,0.136391781593,0.62217598987,0.065221509499,0.177092459845
HO_STAT4_HUMAN.H10MO.D,1003.0,39.6698498844,0.00453170900294,0.0718376591258,0.465250795639,0.822808648857,0.178343337428
HO_BC11A_HUMAN.H10MO.C,3635.0,23.0539860672,-0.0187739463602,0.0376540657013,0.440201087978,0.0786682422082,0.18296873495
HO_FOXO3_HUMAN.H10MO.B,1898.0,-26.4918544806,-0.00854422623723,0.0530962747944,0.538155476294,0.508829405393,0.183219150105
HO_PPARA_HUMAN.H10MO.S,27104.0,-9.3364499358,0.0029859720767,0.0142669283904,0.417449966995,0.430576423712,0.18577539605
HO_PO4F1_HUMAN.H10MO.D,735.0,-27.0771563088,-0.0249908183366,0.0843537414966,0.703381935411,0.221369143372,0.18894003358
HO_PAX1_HUMAN.H10MO.D,28.0,-238.063470885,0.142857142857,0.466666666667,0.480535575486,0.289918453943,0.191827953137
HO_DLX5_HUMAN.H10MO.D,3296.0,-23.9206199027,0.00319632016502,0.0406032980188,0.485509605347,0.733964127512,0.194002097426
HO_CR3L1_HUMAN.H10MO.D,158.0,105.405740579,-0.117165242165,0.177688221286,0.413021008218,0.0356578307367,0.197446744959
HO_TBP_HUMAN.H10MO.C,1112.0,30.1853793214,-0.0331627811785,0.0686037126715,0.59371033237,0.0361716314226,0.198964901977
HO_CUX1_HUMAN.H10MO.C,96.0,48.6380459729,-0.130210772834,0.223529411765,0.794380559427,0.0818862599981,0.199421971278
HO_HXA2_HUMAN.H10MO.D,1485.0,-40.3415767527,0.0152981849611,0.0600651180536,0.437361570088,0.272082247983,0.205000344757
HO_NR1I3_HUMAN.H10MO.C,311.0,53.7351411662,0.030701754386,0.129341909946,0.625129238849,0.340613415241,0.208204769065
HO_DBP_HUMAN.H10MO.B,942.0,-28.7412915081,-0.00387667887668,0.0724929582505,0.654342017177,0.827532751484,0.215613812654
HO_ZBTB6_HUMAN.H10MO.D,392.0,-49.0188358724,0.0738312082574,0.113459706903,0.586556441619,0.019102767573,0.218824859569
HO_ZSCA4_HUMAN.H10MO.D,378.0,69.6884224806,-0.0699636790549,0.122321428571,0.502591637621,0.0303670438464,0.219731987344
HO_P5F1B_HUMAN.H10MO.D,823.0,-48.173070273,-0.00444309190505,0.0777229204069,0.47747543546,0.784288464776,0.220074592303
HO_PO3F4_HUMAN.H10MO.D,1154.0,52.511090715,-0.0253405419447,0.0638306194021,0.347772324318,0.0704978110175,0.220407263983
HO_HSF2_HUMAN.H10MO.A,408.0,59.3859479783,-0.045177045177,0.108867427568,0.518751021935,0.1153042058,0.224068409425
HO_PLAL1_HUMAN.H10MO.D,243.0,98.7747447085,-0.0312219227314,0.139164251944,0.270706702602,0.566928072713,0.224529347075
HO_OLIG3_HUMAN.H10MO.D,445.0,-65.0916979639,0.0163171281854,0.106645646374,0.487021811356,0.492874895246,0.226863343258
HO_TBX4_HUMAN.H10MO.D,252.0,-27.7327742304,0.015873015873,0.149622512011,0.837365086245,0.704791515811,0.227655466347
HO_FOXF2_HUMAN.H10MO.D,2640.0,-22.2410160943,0.00994810114209,0.0431604182767,0.550462187567,0.352640673075,0.227696028098
HO_SP2_HUMAN.H10MO.C,19312.0,3.03856492091,0.00153516601503,0.0154638257943,0.680523136462,0.798656711619,0.232347058985
HO_CREB5_HUMAN.H10MO.D,188.0,77.4262025798,-0.0218112849692,0.152503333737,0.355510795787,0.681524950291,0.232985093342
HO_MAX_HUMAN.H10MO.A,235.0,79.7454012705,-0.0441079112877,0.14253164557,0.493015973254,0.321274898317,0.233614259554
HO_NFIA_HUMAN.H10MO.S,20983.0,6.69097709518,-0.00519020500519,0.01510845004,0.600468013568,0.227078958754,0.238177417355
HO_CENPB_HUMAN.H10MO.D,54.0,106.421323489,0.0721804511278,0.287581699346,0.674771245874,0.420247119913,0.238908103008
HO_NKX31_HUMAN.H10MO.C,2191.0,32.3267958734,-0.0150056335143,0.0471429899447,0.435632048231,0.190986430855,0.23937034819
HO_DPRX_HUMAN.H10MO.D,102.0,75.5971756639,0.0881496881497,0.208333333333,0.637543886965,0.213549458542,0.23944073056
HO_COT2_HUMAN.H10MO.S,651.0,43.8475138206,0.0175637688704,0.0839517819706,0.499581180226,0.53839846233,0.240515095977
HO_NR1H4_HUMAN.H10MO.C,185.0,-46.8057054648,0.031699889258,0.162215909091,0.737509828672,0.453869068828,0.240719960265
HO_RUNX3_HUMAN.H10MO.C,2189.0,5.08701485679,-0.0355762901335,0.0472003200749,0.896310123772,0.00141180079566,0.241558200677
HO_HME1_HUMAN.H10MO.D,787.0,-22.2398574864,-0.00394702786645,0.0766271889867,0.740087277527,0.815406993196,0.242231945406
HO_TAL1_HUMAN.H10MO.A,520.0,-8.88243308455,0.0447739417483,0.0988731771984,0.916258460277,0.101994389575,0.24381237975
HO_CEBPZ_HUMAN.H10MO.D,842.0,57.5856747362,-0.031580132364,0.0718368902439,0.260095441687,0.204004699415,0.244246241392
HO_CREB1_HUMAN.H10MO.A,299.0,-2.61626931921,0.0180633147114,0.119441034841,0.96209718023,0.721542973447,0.244576596925
HO_MEF2C_HUMAN.H10MO.C,2589.0,-16.5292006386,0.0142909983284,0.0436354722069,0.668902528029,0.225531132641,0.247444689208
HO_OLIG1_HUMAN.H10MO.D,285.0,74.5869881567,-0.036282879557,0.129310344828,0.526717474704,0.289029624317,0.24806036662
HO_PRGR_HUMAN.H10MO.S,59117.0,-2.60293049568,-0.00170979386665,0.00889855428928,0.735615796801,0.487394698369,0.248153025828
HO_LHX9_HUMAN.H10MO.D,2894.0,-13.2411718369,0.00150919680634,0.04065183458,0.717702203915,0.871859331358,0.248606374999
HO_ENOA_HUMAN.H10MO.A,443.0,62.9239612995,-0.036109260493,0.100183905984,0.411249333314,0.27691424468,0.248685259388
HO_PAX8_HUMAN.H10MO.D,379.0,70.3939220499,-0.0314245399494,0.106034482759,0.422750292095,0.342912767357,0.253669640154
HO_TWST1_HUMAN.H10MO.D,1325.0,-30.8211167214,0.0205216470277,0.0596690103793,0.538284860114,0.259722964525,0.255392653992
HO_EHF_HUMAN.H10MO.C,6759.0,-14.340468274,0.0188423153693,0.0259981464699,0.514139834725,0.0289522469364,0.259178027402
HO_JUN_HUMAN.H10MO.A,2644.0,-15.1630262792,-5.33802011499e-05,0.0421659848667,0.680977237083,0.996387660906,0.260853580956
HO_FOXP2_HUMAN.H10MO.A,8000.0,-15.2253175345,-0.00390704124153,0.0239575389553,0.472861591408,0.528527780839,0.262233977418
HO_ZBT18_HUMAN.H10MO.D,184.0,59.4273468788,-0.0445052570935,0.161538461538,0.660602607855,0.317750856077,0.262786492907
HO_PITX3_HUMAN.H10MO.D,376.0,10.6752827722,-0.0423121772447,0.111336032389,0.908865830192,0.209757225828,0.263744387073
HO_ELK3_HUMAN.H10MO.D,1253.0,37.6398334604,-0.00966737123151,0.0588934659567,0.407046308226,0.660455150757,0.265572160236
HO_HXA7_HUMAN.H10MO.D,172.0,74.744613316,0.0442365625495,0.163298565841,0.599285806708,0.342403508674,0.266100116034
HO_SPIC_HUMAN.H10MO.D,8383.0,11.179122127,0.00335493032189,0.0230238050868,0.545703336949,0.63945191482,0.267045562986
HO_ELF5_HUMAN.H10MO.D,2153.0,32.7329689837,-0.0157920609561,0.0457125822248,0.427972348578,0.198854082881,0.267144597597
HO_HIC2_HUMAN.H10MO.D,3353.0,-24.0079829491,0.00693172672025,0.0371630247053,0.458691319477,0.533532386925,0.271546955505
HO_MIXL1_HUMAN.H10MO.D,471.0,-52.4169024594,0.0112159789289,0.100487913063,0.578695803271,0.640852290447,0.271628609797
HO_ELF1_HUMAN.H10MO.A,687.0,45.9891299821,0.00573585464234,0.078431372549,0.339002209224,0.873017699705,0.278446450122
HO_MAF_HUMAN.H10MO.B,4006.0,-7.93065640709,-0.0226001109418,0.033133881825,0.788268667436,0.0227224837067,0.279128175047
HO_MNT_HUMAN.H10MO.D,10095.0,-6.87322087529,0.00960578401544,0.0206698134632,0.680354839165,0.14591158784,0.283731561381
HO_MAZ_HUMAN.H10MO.A,24712.0,-2.29023161021,0.0121739237731,0.013030312816,0.760804941239,0.0158899254015,0.285476440805
HO_SOX2_HUMAN.H10MO.B,327.0,48.7730366848,-0.0310508252983,0.112629399586,0.634463188843,0.213018258532,0.285489198155
HO_CEBPD_HUMAN.H10MO.B,472.0,7.55646014015,-0.0339171875967,0.0960416666667,0.932171943433,0.195353600251,0.288501205227
HO_RXRG_HUMAN.H10MO.B,263.0,36.4773675557,0.0389392622035,0.124053030303,0.712346001338,0.391261256881,0.288608191725
HO_ZBED1_HUMAN.H10MO.D,4.0,-9.50633755837,0.0,1.0,0.936440628968,0.5,0.289041428371
HO_NFYA_HUMAN.H10MO.A,1293.0,18.8696773768,-0.0371703180639,0.0556104994399,0.619775577819,0.0708557609462,0.290439766046
HO_NR2E3_HUMAN.H10MO.C,605.0,38.5840541548,-0.0239546492086,0.0846328825983,0.607080167797,0.374515724167,0.291519203835
HO_PO2F2_HUMAN.H10MO.D,955.0,11.7408533844,-0.0166804995087,0.0655798976482,0.84411100365,0.28460713787,0.293403342252
HO_RX_HUMAN.H10MO.D,3229.0,-6.61960807748,-0.0100564046926,0.0372800030499,0.849072488876,0.276562830236,0.293469268417
HO_ZN148_HUMAN.H10MO.D,12700.0,-6.06988930112,0.0087493825138,0.0179761186258,0.652483197119,0.148834277356,0.297872938969
HO_EVI1_HUMAN.H10MO.B,388.0,57.7024505599,-0.0479691876751,0.102375682455,0.548661858506,0.066325175156,0.300440975109
HO_IRF4_HUMAN.H10MO.C,2125.0,-14.6108587526,0.00269905533063,0.0437970164478,0.707895211464,0.839922010252,0.300498603984
HO_CDC5L_HUMAN.H10MO.D,410.0,41.5991613457,0.0031746031746,0.100184536386,0.658542062113,0.914228845817,0.300938953158
HO_NR4A1_HUMAN.H10MO.C,2439.0,2.99433926423,-0.0183513264889,0.0418545010118,0.93580454778,0.170493943517,0.302334605292
HO_PROX1_HUMAN.H10MO.D,1613.0,-18.377526852,0.00543485454112,0.0498158654325,0.634551209127,0.749036682991,0.303672948224
HO_ATF7_HUMAN.H10MO.D,231.0,64.5112169216,-0.0341280972417,0.12821326563,0.410398097381,0.501403279925,0.305328259678
HO_MEOX2_HUMAN.H10MO.D,2282.0,-22.9666331561,-0.00311509219072,0.0431331977398,0.565904154386,0.770501018306,0.306291674847
HO_ZSC16_HUMAN.H10MO.D,95.0,72.9489524644,0.0181236673774,0.213804713805,0.727327072639,0.771805159631,0.307147352575
HO_ZN410_HUMAN.H10MO.D,41.0,136.968123677,0.0314009661836,0.29679144385,0.589257214403,0.70159948604,0.309136239042
HO_NFAC1_HUMAN.H10MO.S,782.0,-22.5600996648,0.000820530854158,0.0723864540658,0.734072247076,0.963976688373,0.31046214064
HO_ZFHX3_HUMAN.H10MO.D,1532.0,10.9014816785,-8.90645756073e-05,0.0514846743295,0.825505094081,0.994036235605,0.313869106692
HO_ERR1_HUMAN.H10MO.D,1635.0,-31.4757778177,0.0278179674513,0.0493761666175,0.473194855382,0.0427601364115,0.314056771139
HO_MBD2_HUMAN.H10MO.B,951.0,-1.09710887204,-0.0266175421916,0.0640687679083,0.97642297312,0.370326052352,0.315524247914
HO_RFX3_HUMAN.H10MO.B,632.0,52.6369885335,-0.0423602551048,0.0782828282828,0.40425791304,0.121655937522,0.315951241879
HO_KLF6_HUMAN.H10MO.D,30603.0,4.32318100407,0.00274662465948,0.0114144205061,0.594593186196,0.534357075488,0.317245759212
HO_PBX3_HUMAN.H10MO.B,1121.0,13.7469766257,-0.0197206776154,0.0586710119084,0.761535306985,0.332652590963,0.31969962922
HO_PEBB_HUMAN.H10MO.C,4640.0,-6.65892178816,-0.0172074002933,0.0298585343228,0.80692573867,0.0535815369229,0.327701106252
HO_GLI2_HUMAN.H10MO.B,377.0,72.0152435674,-0.0478796169631,0.103970190596,0.443963720596,0.121065765711,0.329053592777
HO_HSFY1_HUMAN.H10MO.D,46.0,77.5266844563,0.0666666666667,0.287356321839,0.766986634637,0.290964858644,0.329875191338
HO_HXC8_HUMAN.H10MO.D,405.0,32.2232803887,0.00557775557776,0.0991243825775,0.732456257365,0.820165955181,0.333509707862
HO_E2F5_HUMAN.H10MO.B,164.0,28.849847062,-0.0951048951049,0.148596938776,0.715064279066,0.150073511471,0.333586463805
HO_USF1_HUMAN.H10MO.A,662.0,50.0676677279,-0.0477590430898,0.0745668316832,0.264569161402,0.177569828175,0.336107578219
HO_NR1H2_HUMAN.H10MO.D,10.0,-129.419613075,0.5,0.6,0.430146150058,0.0909689479754,0.33767871308
HO_RELB_HUMAN.H10MO.C,723.0,59.4056848285,-0.054097464854,0.0721889055472,0.331180478058,0.0445757297593,0.338888827468
HO_FOXO6_HUMAN.H10MO.D,567.0,-25.1546250472,-0.00167958656331,0.083827828755,0.760510813194,0.937500319419,0.342566117121
HO_AP2B_HUMAN.H10MO.B,1599.0,16.9515241429,-0.0124981154832,0.04815980597,0.565668026445,0.565793603176,0.34506500648
HO_CEBPE_HUMAN.H10MO.A,120.0,-88.8615666258,0.0341997264022,0.186096256684,0.636728571055,0.541325877356,0.347712706847
HO_IRF3_HUMAN.H10MO.C,1277.0,-30.0172751054,0.0172656457227,0.0543909871641,0.532856106361,0.357487024955,0.351164704984
HO_NKX61_HUMAN.H10MO.D,1949.0,-26.1050696253,-0.00230133395134,0.0456153279293,0.566735728763,0.838948238708,0.351727759142
HO_MAFG_HUMAN.H10MO.S,15594.0,-4.31049133707,0.00361663844344,0.0159478509146,0.777375186544,0.464892307593,0.352074714931
HO_ZN232_HUMAN.H10MO.D,49.0,-89.4492649503,0.110367892977,0.26,0.729988958504,0.202756349277,0.353982401425
HO_EVX1_HUMAN.H10MO.D,1115.0,6.66953424395,0.00845046854083,0.0586013689724,0.908551928137,0.598549704184,0.357140432655
HO_TEAD4_HUMAN.H10MO.A,1031.0,27.6946861427,0.0107967330611,0.0602510985562,0.634174093078,0.530922148833,0.358095583689
HO_NFIL3_HUMAN.H10MO.C,479.0,-38.5139934829,-0.035316986797,0.0878205128205,0.662091241746,0.173505376294,0.360709980048
HO_PIT1_HUMAN.H10MO.C,1425.0,13.6663731934,0.0035179380007,0.0527554248811,0.794413902629,0.775715227384,0.361896376197
HO_GMEB2_HUMAN.H10MO.D,105.0,-72.8422122685,-0.0634920634921,0.180566483084,0.669275296677,0.169707874388,0.362167595159
HO_NANOG_HUMAN.H10MO.S,6687.0,9.30717557632,-0.00145835677557,0.0241334825858,0.693979127176,0.8339109163,0.363968411473
HO_TEAD3_HUMAN.H10MO.D,1245.0,41.8006809735,-0.0225541125541,0.0548433626063,0.440976212014,0.160378424234,0.364435024392
HO_HLTF_HUMAN.H10MO.D,1134.0,30.1732408732,-0.0449569122466,0.0572359625668,0.574220886967,0.0323127321188,0.367056884186
HO_BCL6_HUMAN.H10MO.C,898.0,15.6909836406,-0.0126171822977,0.0657027775838,0.808356143389,0.493300237464,0.368087438274
HO_STAT2_HUMAN.H10MO.B,1589.0,18.2882091688,-0.0125852711248,0.0484987587742,0.691234671522,0.410992419726,0.368707914686
HO_HXD10_HUMAN.H10MO.D,668.0,-32.7791553382,-0.014373975539,0.0760806306545,0.670536210285,0.479679265453,0.370866480479
HO_MAFB_HUMAN.H10MO.D,2095.0,13.9927729365,0.00302724727507,0.0419950498608,0.715733927925,0.837754961482,0.37766206639
HO_GCM1_HUMAN.H10MO.D,168.0,71.6883150859,0.0643539467069,0.150344827586,0.614159137321,0.273067260871,0.379713769966
HO_PLAG1_HUMAN.H10MO.D,1393.0,-3.81062458029,0.0102673627591,0.0507075845995,0.927402498015,0.582701198601,0.379944113122
HO_PO4F2_HUMAN.H10MO.D,413.0,29.8046155064,0.0,0.0979417407989,0.766988936525,1.0,0.380503253601
HO_EGR1_HUMAN.H10MO.A,8203.0,11.1179623971,0.00217493477718,0.0208486054668,0.484625862957,0.785092680515,0.382272842461
HO_HMGA2_HUMAN.H10MO.D,201.0,-76.0724540998,-0.00552104899931,0.135860607488,0.58212821401,0.878199058764,0.384223631816
HO_MYB_HUMAN.H10MO.C,14838.0,-2.58670629635,0.00297424664513,0.0157986855238,0.863942440428,0.571898734359,0.384275645361
HO_TLX1_HUMAN.H10MO.D,389.0,-17.3594759984,-0.00196592398427,0.100955794504,0.86302328659,0.946282875702,0.386967686642
HO_JDP2_HUMAN.H10MO.D,151.0,77.9310769219,-0.0719463573759,0.146982116244,0.318491372896,0.302689496387,0.389215405827
HO_PO3F3_HUMAN.H10MO.D,3249.0,-0.756225904333,0.000961575151677,0.0333444850984,0.982146913101,0.91186460267,0.389680402455
HO_MTF1_HUMAN.H10MO.C,64.0,36.0888365523,0.0141700404858,0.224864864865,0.848665039191,0.79224311565,0.390056019047
HO_DLX6_HUMAN.H10MO.D,3382.0,-19.2415580805,-0.00763400775143,0.0334407899687,0.575290629432,0.385104690143,0.391047471384
HO_SP4_HUMAN.H10MO.D,18529.0,4.80417036771,-0.0062268805351,0.0136968324154,0.519578362622,0.310312752549,0.391716847019
HO_THA_HUMAN.H10MO.S,953.0,24.1277749637,0.0138930222407,0.0613625037377,0.682243392618,0.482935486693,0.393880754233
HO_NFKB2_HUMAN.H10MO.D,736.0,33.8010525536,-0.00134979423868,0.0692833188424,0.607257931998,0.952859341683,0.396052965846
HO_ZN384_HUMAN.H10MO.C,418.0,60.3071745949,-0.0439813060503,0.0910947712418,0.487561009329,0.131859593558,0.398440067362
HO_NRL_HUMAN.H10MO.D,218.0,38.4768707594,-0.0747847919656,0.123456790123,0.72457807481,0.178882947344,0.399484371703
HO_MLXPL_HUMAN.H10MO.D,95.0,109.686387169,-0.0962441314554,0.207453416149,0.58495041934,0.163960116868,0.401711071544
HO_CDX1_HUMAN.H10MO.C,15801.0,-5.00823465469,-0.00364968299939,0.0152249727809,0.745022438708,0.401257737616,0.40205884426
HO_SOX3_HUMAN.H10MO.D,762.0,28.0409611806,-0.0400175237174,0.0671878204982,0.678923639314,0.0449570235573,0.402679290801
HO_IRF1_HUMAN.H10MO.A,1226.0,-15.5454909881,-0.0303146165611,0.0539840825539,0.767662154192,0.108832920211,0.405297943171
HO_NR1I2_HUMAN.H10MO.S,19903.0,-5.41019689682,0.00644288960573,0.0133332738853,0.683710739917,0.109946081318,0.406539624265
HO_HXD4_HUMAN.H10MO.D,13265.0,-5.73466733592,-0.00733364452769,0.0163373115703,0.731390065699,0.119634329996,0.409470245042
HO_NF2L2_HUMAN.H10MO.D,441.0,64.6917862016,-0.0630650021524,0.0902499154058,0.463783480203,0.0486382441431,0.409507652607
HO_LMX1A_HUMAN.H10MO.D,3837.0,-5.60440478482,0.00598533291598,0.0308533718113,0.861838514028,0.447097858648,0.414006025309
HO_TFAP4_HUMAN.H10MO.C,1128.0,25.8680440572,-0.0176248121989,0.0547835011511,0.599786500155,0.401605409384,0.415600208217
HO_FOXA1_HUMAN.H10MO.A,2567.0,16.985533121,-0.0045552171601,0.037015615963,0.655155310466,0.663518754842,0.416173978838
HO_MEF2A_HUMAN.H10MO.A,1158.0,3.79278312758,0.0223757386166,0.0567455051175,0.947103510194,0.234710299189,0.417351000369
HO_PAX7_HUMAN.H10MO.D,242.0,3.65276197203,0.0209150326797,0.122093507792,0.977799477456,0.56055022058,0.421150424862
HO_PKNX1_HUMAN.H10MO.D,727.0,-17.7425022136,0.0332605190617,0.0690620747409,0.798182917735,0.136416409943,0.424803090826
HO_HXB6_HUMAN.H10MO.D,375.0,-46.8706145337,-0.0214315439035,0.0987632632984,0.648462368243,0.481708431627,0.426962909005
HO_CDX2_HUMAN.H10MO.C,25316.0,3.74848801991,-0.00959130381444,0.0115011738858,0.751131489146,0.00612850541427,0.428175270722
HO_KLF12_HUMAN.H10MO.D,722.0,26.6005663004,-0.00814487911503,0.0670568561873,0.632988830983,0.740357037001,0.431250045353
HO_E2F7_HUMAN.H10MO.D,58.0,94.1090714273,0.0875160875161,0.233333333333,0.573528022903,0.29288916676,0.432793691381
HO_PAX3_HUMAN.H10MO.D,209.0,-36.3352053032,0.0233721167585,0.125547445255,0.787511776235,0.535256166716,0.433062957192
HO_MEIS3_HUMAN.H10MO.D,469.0,32.0482196997,-0.0111941766673,0.0827210992415,0.712480586547,0.616851596705,0.435697746461
HO_CEBPB_HUMAN.H10MO.A,436.0,30.1745580116,-0.0129823296069,0.0874149659864,0.744164150965,0.578221864831,0.446130010149
HO_NKX62_HUMAN.H10MO.D,833.0,-1.24669353093,0.00367862048332,0.0643762736436,0.985261674651,0.861041976651,0.446913183094
HO_MYBB_HUMAN.H10MO.D,743.0,29.0330350777,-0.0260451968061,0.0669910179641,0.674569070681,0.236190928577,0.447308555496
HO_ETV6_HUMAN.H10MO.D,444.0,46.6833418234,0.00696086157079,0.0839503989744,0.354507964962,0.878983697787,0.449778757638
HO_HAND1_HUMAN.H10MO.D,751.0,20.5122470666,0.000209728160039,0.0663204025321,0.750146907878,0.993348094844,0.451496929733
HO_PBX2_HUMAN.H10MO.C,729.0,17.3987388322,-0.0312049298545,0.0703818953324,0.810081003356,0.166135668901,0.451531920269
HO_VAX2_HUMAN.H10MO.D,322.0,63.7913643991,-0.0161183117315,0.0981432360743,0.520231243061,0.595676878044,0.452416012098
HO_IRX2_HUMAN.H10MO.D,419.0,-45.2186849673,-0.015559058321,0.0876503237743,0.610953579653,0.595209195333,0.452865156761
HO_OLIG2_HUMAN.H10MO.D,309.0,-56.5397839898,0.0325567502987,0.105106167846,0.623712137551,0.249626011511,0.453663783666
HO_SMRC1_HUMAN.H10MO.D,1095.0,-9.41298952718,-0.00588235294118,0.0560281035663,0.86722643932,0.761628691858,0.455076831814
HO_NOBOX_HUMAN.H10MO.C,2890.0,9.53646019423,-0.00788923916958,0.0338727756761,0.788435421966,0.453166609438,0.45595807319
HO_HNF1A_HUMAN.H10MO.A,525.0,-6.27812576254,-0.012110338641,0.0775903848018,0.940270071942,0.626423971273,0.458922559678
HO_ESR1_HUMAN.H10MO.A,458.0,5.59645824489,0.0303896103896,0.0841221607678,0.946933542916,0.309899400147,0.459929756351
HO_GSX1_HUMAN.H10MO.D,1144.0,-19.7792944437,0.0155199462125,0.0536415575283,0.730202688707,0.299715108205,0.460228906186
HO_MEIS2_HUMAN.H10MO.B,495.0,24.6512668066,-0.0175687850856,0.0778371954843,0.757539825482,0.495998894479,0.467271004843
HO_E2F2_HUMAN.H10MO.B,36.0,28.2730292882,-0.0903010033445,0.287878787879,0.757603880704,0.54783831654,0.468225008701
HO_HESX1_HUMAN.H10MO.D,177.0,79.9410734827,0.0202682563338,0.135445362718,0.554144547532,0.72010296746,0.470928700443
HO_BCL6B_HUMAN.H10MO.D,587.0,-42.5190687265,0.0118154538635,0.071831624556,0.558159305252,0.646458373911,0.471236914344
HO_FOXI1_HUMAN.H10MO.B,1163.0,-14.9193794895,0.008592024616,0.0503346511845,0.739736591208,0.672983095959,0.475046531775
HO_TLX1_HUMAN.H10MO.S,748.0,-10.7278671611,-0.0199730094467,0.0663933521768,0.867077351286,0.479351188191,0.476160560704
HO_ATF1_HUMAN.H10MO.B,534.0,17.8653957257,-0.0119101950681,0.0740147198481,0.746344288262,0.710826384632,0.476558404759
HO_DMBX1_HUMAN.H10MO.D,1911.0,-18.7913321364,0.00222194332316,0.0413498892081,0.679962794377,0.842343132333,0.47994186011
HO_GLI1_HUMAN.H10MO.C,535.0,38.7405759596,-0.0425348822915,0.0753927675002,0.615601981475,0.110167475577,0.481506138164
HO_FOXQ1_HUMAN.H10MO.C,1250.0,25.029037226,-0.0316283096458,0.0500469189865,0.645672375565,0.027543678648,0.482524930149
HO_HNF4G_HUMAN.H10MO.C,599.0,-39.4041124736,0.0658709756396,0.0710797612588,0.58901517027,0.00875359769431,0.484323917839
HO_EVX2_HUMAN.H10MO.A,1600.0,0.996945694131,-0.0197639926078,0.0440442099621,0.983086667813,0.157161582401,0.487966064352
HO_ONEC3_HUMAN.H10MO.D,1650.0,-20.869031477,-0.0122124754289,0.0427808872305,0.656502218396,0.336735518256,0.490765106415
HO_TFE3_HUMAN.H10MO.C,1144.0,22.0331340788,-0.0184076792772,0.0516779353562,0.641433850335,0.435855297776,0.493698592809
HO_TYY1_HUMAN.H10MO.A,933.0,32.8889692778,-0.0361393824392,0.0550202156334,0.301778362442,0.270493293719,0.497876225946
HO_E2F8_HUMAN.H10MO.D,430.0,19.9269495845,-0.0502001143511,0.0813008130081,0.823254768736,0.0503232483495,0.498778589587
HO_ZN423_HUMAN.H10MO.D,4.0,348.899266177,0.0,,0.474341912618,0.5,0.5
HO_MUSC_HUMAN.H10MO.D,2.0,0.0,0.0,0.5,0.5,0.5,0.5
HO_ERF_HUMAN.H10MO.D,164.0,-65.7051567234,0.014313597918,0.132832080201,0.656489296749,0.71417874132,0.502913831771
HO_HES1_HUMAN.H10MO.D,985.0,-15.9154938698,0.0404675408223,0.0558834711529,0.793589258306,0.0547215709398,0.504458937412
HO_NKX21_HUMAN.H10MO.D,770.0,3.20991769732,-0.014823173587,0.0628262548263,0.961795624751,0.49965624299,0.505801845972
HO_RORA_HUMAN.H10MO.B,428.0,-5.34220332739,-0.0442026700305,0.0863521594684,0.954375104935,0.15672923923,0.50736217122
HO_FOXH1_HUMAN.H10MO.A,901.0,3.58643049402,-0.0165095107369,0.0570227567632,0.95380049324,0.419182076468,0.509149201427
HO_HXD11_HUMAN.H10MO.D,1851.0,-19.3558965403,0.0125696747822,0.0412189198885,0.670944052944,0.313682114533,0.510019094122
HO_NR0B1_HUMAN.H10MO.D,688.0,48.9736481055,-0.00295190620736,0.0650224215247,0.38945626546,0.924826235749,0.511024947627
HO_FOXJ2_HUMAN.H10MO.C,6220.0,-9.19732327662,-0.00254900113136,0.0223183730984,0.708177527828,0.70691793013,0.511342160679
HO_SCRT1_HUMAN.H10MO.D,223.0,14.824958945,0.0263432446531,0.112677304965,0.909507516563,0.401778713125,0.51156777584
HO_GLIS1_HUMAN.H10MO.D,73.0,-55.7944927955,0.0391705069124,0.190243902439,0.754457676441,0.467290391667,0.512462652134
HO_CRX_HUMAN.H10MO.C,7623.0,-7.7526235573,0.0124429902836,0.0197487287475,0.715846520901,0.0746845035317,0.514869324831
HO_GLI3_HUMAN.H10MO.B,491.0,37.1188144583,-0.046765523633,0.0770482603816,0.650916867481,0.0763943071168,0.51888221826
HO_STAT1_HUMAN.H10MO.S,580.0,43.4340842613,0.003996003996,0.0709836769759,0.53614772435,0.884630512086,0.519831962746
HO_GRHL1_HUMAN.H10MO.D,28.0,-116.259324398,0.227272727273,0.371428571429,0.743799551884,0.197592650839,0.525835389341
HO_TGIF1_HUMAN.H10MO.D,358.0,-41.9424205987,-0.0159236798241,0.0902298850575,0.654609710454,0.650127496837,0.528168699663
HO_RARG_HUMAN.H10MO.C,439.0,2.22322740142,-0.00849167253108,0.0811765263557,0.979578572801,0.795669174933,0.530721722538
HO_SOX9_HUMAN.H10MO.B,837.0,-9.92674872012,-0.0279485930237,0.0595167163191,0.877234365559,0.171025931685,0.530990885081
HO_HMX1_HUMAN.H10MO.D,837.0,-25.7795816977,0.0152847571189,0.0609713290837,0.704556411905,0.370205254251,0.537355071111
HO_ISL1_HUMAN.H10MO.D,40661.0,-3.43406716161,-0.00308686655724,0.00849239007561,0.716669175763,0.270162401002,0.539118822873
HO_BATF_HUMAN.H10MO.A,327.0,-45.9128479475,0.0159588159588,0.0938914027149,0.664312422164,0.532230302184,0.540767489577
HO_NFAC3_HUMAN.H10MO.B,6906.0,-4.76567189306,-0.00265246510176,0.0205367900941,0.837097987081,0.700409777464,0.541700087065
HO_PO6F2_HUMAN.H10MO.D,346.0,41.0657369463,0.00575785869904,0.0917228597342,0.701574044581,0.853212176365,0.544619190875
HO_GCR_HUMAN.H10MO.S,32558.0,-3.05709180996,0.00139006934962,0.0093608889514,0.766954208929,0.688268298666,0.552080499733
HO_ID4_HUMAN.H10MO.D,1164.0,-18.5554827329,0.0468067704507,0.0501278772379,0.743050863043,0.00656672305635,0.552795132819
HO_GATA3_HUMAN.H10MO.C,4574.0,-9.5708056619,0.00353749773941,0.025065496715,0.738046410856,0.66296895464,0.553969161151
HO_ZN350_HUMAN.H10MO.C,187.0,-80.4699139485,0.0808322824716,0.120092975207,0.443571992339,0.151494407366,0.554849830754
HO_GBX2_HUMAN.H10MO.D,1297.0,-2.86881158848,-0.00237081581608,0.0462987685702,0.957365317878,0.871836333189,0.555216646478
HO_ZIC4_HUMAN.H10MO.D,110.0,34.447890185,-0.0855855855856,0.158121330724,0.825830515153,0.176690381064,0.557810511564
HO_RFX5_HUMAN.H10MO.A,328.0,41.1311971757,-0.0493931576944,0.0921097770154,0.654441409719,0.157532591745,0.558370568768
HO_NOTO_HUMAN.H10MO.D,566.0,23.4057849545,0.0172891907187,0.0700563360194,0.769129403101,0.434430746107,0.560150136668
HO_MAFF_HUMAN.H10MO.A,184.0,62.7631951957,0.0125440451022,0.125289351852,0.675319538736,0.775900976775,0.561509001418
HO_JUND_HUMAN.H10MO.A,518.0,37.4189326384,-0.0246220002774,0.0739742804654,0.64338274662,0.306953479143,0.563465392943
HO_SOX7_HUMAN.H10MO.D,128.0,-64.7406539537,0.0642466148084,0.148325358852,0.689906796456,0.19068939679,0.568582147523
HO_VENTX_HUMAN.H10MO.D,664.0,16.633525397,-0.0277970185213,0.0634246907592,0.820073559313,0.166525825166,0.571024761337
HO_REST_HUMAN.H10MO.A,153.0,59.0583047672,-0.0631085467003,0.127919911012,0.660959626886,0.259677647246,0.573267416754
HO_MYC_HUMAN.H10MO.A,218.0,35.4251205064,0.0337019018134,0.107142857143,0.749065918478,0.44625444052,0.573435824902
HO_NR2F6_HUMAN.H10MO.D,525.0,26.0092614027,0.0254732877391,0.0721379770038,0.739553001484,0.359847624527,0.573484285684
HO_FOXK1_HUMAN.H10MO.D,129.0,-33.6891260841,-0.0622222222222,0.13717491076,0.81110502248,0.370297274087,0.574551225298
HO_FOXA2_HUMAN.H10MO.A,1366.0,-19.2145689183,0.000178330441488,0.0443380601796,0.702129659489,0.990923857733,0.580860037737
HO_CLOCK_HUMAN.H10MO.D,1825.0,5.63740251216,-0.0327453868919,0.0378160329556,0.878123089265,0.036053285901,0.58235132459
HO_ZEB1_HUMAN.H10MO.B,3356.0,1.42216659846,0.0123797204067,0.0283898127974,0.962412384196,0.330352611438,0.588552631212
HO_NR4A2_HUMAN.H10MO.C,1403.0,-29.112175235,0.0117898796087,0.0441046716272,0.556906852314,0.490651872296,0.589074525267
HO_HXC10_HUMAN.H10MO.D,11548.0,-4.66369964844,0.00113992415399,0.015465966531,0.797190074974,0.81505401538,0.590102516105
HO_NFYC_HUMAN.H10MO.B,808.0,30.8559200757,-0.0267266335815,0.0553444411965,0.505735293924,0.304800471127,0.590368655812
HO_CR3L2_HUMAN.H10MO.D,85.0,62.416611074,-0.0117924528302,0.16935483871,0.719135682942,0.870131250415,0.592131616621
HO_PURA_HUMAN.H10MO.D,5244.0,0.418155178214,0.00711064608473,0.0223216476209,0.984648924969,0.47217284641,0.593384940753
HO_HNF6_HUMAN.H10MO.C,2302.0,-9.00613314083,-0.0212347832905,0.0332190135768,0.817996589523,0.0479227571218,0.593882135838
HO_LBX2_HUMAN.H10MO.D,627.0,29.283068262,0.0166804391453,0.0656367442082,0.700259319924,0.422111435034,0.593940810782
HO_BHA15_HUMAN.H10MO.D,513.0,-0.20774083307,-0.0175438596491,0.0711402449543,0.998057716104,0.445156558138,0.59865889619
HO_GCR_HUMAN.H10MO.A,485.0,-36.4275651782,0.000360895019649,0.0748299319728,0.661822262049,0.990034131347,0.599466447433
HO_IRF7_HUMAN.H10MO.C,2620.0,17.305865409,-0.00580103359173,0.0313709046507,0.629325038012,0.611157256596,0.600158369202
HO_PO3F2_HUMAN.H10MO.D,3334.0,-5.30905540967,0.00161329166512,0.0280724834493,0.874494495637,0.849878138132,0.602306893586
HO_YBOX1_HUMAN.H10MO.D,803.0,16.7593547213,-0.00590909090909,0.056392747822,0.772738587858,0.811402038014,0.603005720109
HO_HXB7_HUMAN.H10MO.C,340.0,42.9419536659,-0.0599041194688,0.090564738292,0.692033768951,0.0514970996964,0.605492926734
HO_HXA5_HUMAN.H10MO.D,340.0,42.9419536659,-0.0599041194688,0.090564738292,0.692033768951,0.0514970996964,0.605492926734
HO_EMX2_HUMAN.H10MO.D,1426.0,18.4540717392,-0.0273124789775,0.0435786435786,0.728219486509,0.0258521960121,0.606203048625
HO_KAISO_HUMAN.H10MO.S,448.0,29.1573911163,-0.0715076728366,0.0758447488584,0.705321337974,0.0582972061457,0.607748238799
HO_MAFG_HUMAN.H10MO.C,144.0,32.8061517043,0.0100334448161,0.129928894635,0.829611938792,0.83425915871,0.608878265885
HO_ETV2_HUMAN.H10MO.D,5935.0,-1.80790758122,-0.0134727345166,0.0209080013983,0.940088345632,0.0579497062649,0.611285893008
HO_WT1_HUMAN.H10MO.D,5420.0,-9.85086638894,0.0136617358199,0.0213221649995,0.571009165766,0.183053501346,0.612354629163
HO_SPI1_HUMAN.H10MO.A,1374.0,11.1038807228,-0.0063367373658,0.0412884897802,0.815792932301,0.713733601672,0.612586348986
HO_MGAP_HUMAN.H10MO.D,87.0,-9.11951251083,-0.00522388059701,0.189792663477,0.970888226433,0.922020017134,0.615066966716
HO_KLF8_HUMAN.H10MO.C,1964.0,-17.0319708529,0.0101743967309,0.0359102047636,0.661180088829,0.496098298056,0.615157296552
HO_TBX19_HUMAN.H10MO.D,66.0,166.669843388,-0.120634920635,0.195454545455,0.493146284425,0.0557367161851,0.620407729746
HO_SRBP2_HUMAN.H10MO.B,1896.0,-7.03038712816,0.00321741511501,0.0360937226231,0.858933545699,0.82009079671,0.620817585578
HO_AP2A_HUMAN.H10MO.C,918.0,-9.05897153065,0.00314166031988,0.0516223326513,0.876739646912,0.884429362576,0.633149601328
HO_EOMES_HUMAN.H10MO.D,792.0,-12.6179629611,-0.0175091822579,0.055820610687,0.841675548121,0.380482902903,0.634191701426
HO_VAX1_HUMAN.H10MO.D,427.0,-39.5205766674,0.0228067545963,0.076150078271,0.672454709424,0.346917581077,0.635382850988
HO_KAISO_HUMAN.H10MO.A,260.0,18.3661749243,-0.0359243564607,0.0941358024691,0.672748628693,0.561581473536,0.63812357306
HO_BRAC_HUMAN.H10MO.D,6.0,329.469646431,0.0,0.666666666667,0.524411307585,0.5,0.640599053639
HO_VSX2_HUMAN.H10MO.D,509.0,-22.8953459197,0.000692065469393,0.06889509513,0.791332956508,0.975019381618,0.641761618169
HO_HIC1_HUMAN.H10MO.C,706.0,-33.5247330528,0.0103804966963,0.0589616584113,0.605059097984,0.649872715641,0.641781808722
HO_IRX3_HUMAN.H10MO.D,1322.0,23.9231774628,-0.0272107708606,0.044630996104,0.665745030153,0.0568164080016,0.642359296521
HO_HINFP_HUMAN.H10MO.C,22.0,132.146921477,-0.282352941176,0.375,0.670983325983,0.150163593545,0.645908689272
HO_AP2C_HUMAN.H10MO.A,1446.0,0.534446840517,0.0107196068188,0.0409201093848,0.990847300235,0.546440915304,0.646663793753
HO_PAX2_HUMAN.H10MO.S,13064.0,6.1978176635,0.00729121324121,0.0136405199748,0.692261507162,0.208414695948,0.650166475207
HO_DLX1_HUMAN.H10MO.D,1464.0,16.0640747803,-0.0162084262981,0.0410442317951,0.752766853783,0.177785363988,0.656404354349
HO_PTF1A_HUMAN.H10MO.C,341.0,45.7256270211,-0.00254617313977,0.0823515823516,0.639387221222,0.942669365768,0.657915757362
HO_KLF13_HUMAN.H10MO.D,1931.0,6.01592286188,-0.00173991345341,0.0343125940561,0.858191130592,0.91473903017,0.658310919867
HO_NFIA_HUMAN.H10MO.C,274.0,13.6891837698,0.0161532456614,0.0924297924298,0.904599563956,0.57986158959,0.661434921087
HO_ZBT49_HUMAN.H10MO.D,89.0,83.5291788427,-0.0582120582121,0.151960784314,0.613985596936,0.369331159008,0.677804135593
HO_TEF_HUMAN.H10MO.D,835.0,-22.5260563319,-0.00850649350649,0.0525508272071,0.731769768958,0.652123676104,0.678879190985
HO_ZBTB4_HUMAN.H10MO.S,164.0,58.2717144272,-0.0685335298452,0.123076923077,0.659043925504,0.26462991385,0.67976997624
HO_ERR3_HUMAN.H10MO.B,1843.0,-8.20288408357,0.00502395286568,0.0362293864627,0.853345653941,0.716493455775,0.681272132736
HO_STF1_HUMAN.H10MO.B,1843.0,-8.20288408357,0.00502395286568,0.0362293864627,0.853345653941,0.716493455775,0.681272132736
HO_ERR2_HUMAN.H10MO.A,1843.0,-8.20288408357,0.00502395286568,0.0362293864627,0.853345653941,0.716493455775,0.681272132736
HO_PO2F3_HUMAN.H10MO.D,659.0,14.8161092841,0.0147535391438,0.05961352657,0.844069521351,0.412822782216,0.681884600189
HO_GSX2_HUMAN.H10MO.D,1291.0,-6.03190626605,0.000600981885898,0.0429558519525,0.914407440182,0.96468805177,0.683739373529
HO_TFE2_HUMAN.H10MO.C,753.0,-20.3201471624,0.0354035785288,0.054872877966,0.768442462456,0.105686851851,0.686173461965
HO_HLF_HUMAN.H10MO.C,297.0,-29.2030278445,-0.0322202069775,0.0888888888889,0.797267075691,0.365088954472,0.68636050989
HO_HMBX1_HUMAN.H10MO.D,1051.0,15.9813090771,-0.0300048963875,0.0467442403227,0.783461354137,0.0775662558949,0.689650282967
HO_KLF3_HUMAN.H10MO.D,482.0,18.3588540364,-0.0343058256923,0.0666866028708,0.820628646111,0.20746633683,0.689902895967
HO_ZN740_HUMAN.H10MO.D,2061.0,-16.8985855668,0.00701940945695,0.0327001469158,0.6552014876,0.604769426732,0.690210267765
HO_ALX3_HUMAN.H10MO.D,742.0,-20.8506113925,0.0134729572738,0.0546785595442,0.762554093496,0.537932029994,0.690213247428
HO_PHX2B_HUMAN.H10MO.D,742.0,-20.8506113925,0.0134729572738,0.0546785595442,0.762554093496,0.537932029994,0.690213247428
HO_PHX2A_HUMAN.H10MO.D,742.0,-20.8506113925,0.0134729572738,0.0546785595442,0.762554093496,0.537932029994,0.690213247428
HO_OTX2_HUMAN.H10MO.C,1498.0,-21.2715177379,0.0195122985581,0.0399082754205,0.674449366435,0.178851810879,0.690366414507
HO_SOX5_HUMAN.H10MO.C,23314.0,2.71991144798,-0.00810900200036,0.00992214787088,0.829902516975,0.0205431089638,0.693507434942
HO_NGN2_HUMAN.H10MO.D,490.0,27.6700596096,-0.0246509388541,0.0683179096353,0.74692764374,0.330745111058,0.69399721494
HO_EMX1_HUMAN.H10MO.D,1285.0,11.8631784499,-0.0280340746901,0.0423415294383,0.831616738509,0.0246145503509,0.695669938123
HO_DUXA_HUMAN.H10MO.D,725.0,-17.7971755181,0.0037780319573,0.0554063480991,0.805719107163,0.85213643779,0.703000007726
HO_ARNT2_HUMAN.H10MO.D,519.0,39.1227492352,-0.0263265756534,0.0630682179414,0.509941866061,0.440016963483,0.704674501646
HO_ASCL2_HUMAN.H10MO.D,2802.0,4.20399522245,0.015894701595,0.0279733704483,0.897897301674,0.19452373478,0.706466798056
HO_NFAC4_HUMAN.H10MO.C,1111.0,20.7571068393,-0.0358843427488,0.0439380173632,0.714972955238,0.0147549163238,0.710490844626
HO_ZKSC1_HUMAN.H10MO.C,2223.0,-17.1164140698,-0.00680069745229,0.0310286935287,0.669673062481,0.531841258386,0.713329830254
HO_HMX3_HUMAN.H10MO.D,1069.0,-14.4676356404,-0.00460508958338,0.0453129390983,0.806649816101,0.785253785289,0.714392870824
HO_SOX4_HUMAN.H10MO.C,422.0,13.937826207,0.0147928262214,0.0705429457054,0.8739134347,0.654154753252,0.715021843841
HO_JUNB_HUMAN.H10MO.C,532.0,8.11992779971,-0.0512512512513,0.0650911478059,0.914806197604,0.0622829985929,0.715174537971
HO_CTCF_HUMAN.H10MO.A,1165.0,21.9042975264,-0.0184088023699,0.0423070487077,0.572733383788,0.403548958096,0.716353796003
HO_GFI1_HUMAN.H10MO.C,986.0,12.7268301913,-0.0359609430817,0.0469403839297,0.832602419663,0.056296854634,0.716440869446
HO_E2F6_HUMAN.H10MO.C,1408.0,8.87344331064,-0.0183768238305,0.0384711240502,0.798678964176,0.385171744935,0.718373288202
HO_E2F1_HUMAN.H10MO.A,276.0,1.26269524511,-0.00366379310345,0.0836751435603,0.988428329119,0.936293224605,0.720014099255
HO_EGR1_HUMAN.H10MO.S,2193.0,-14.210577864,0.0175450349596,0.0303808312578,0.523609917111,0.33267381718,0.72048270188
HO_PPARG_HUMAN.H10MO.S,4219.0,-14.2725116301,0.00289339486639,0.022907396131,0.625025180194,0.756249214291,0.720630648897
HO_NKX22_HUMAN.H10MO.D,1420.0,-17.79800278,0.00572057507797,0.0392975206612,0.729152909563,0.694884110755,0.721650888126
HO_COE1_HUMAN.H10MO.A,952.0,10.3455140916,-0.0237576212543,0.0465637931701,0.849315445762,0.270304055032,0.722795352898
HO_ARX_HUMAN.H10MO.D,564.0,-26.5068686257,-0.00742985629094,0.060838963964,0.739243054611,0.754929683022,0.724657167796
HO_BARH1_HUMAN.H10MO.D,521.0,-26.8597384092,0.0152772157021,0.0640480402831,0.755893839676,0.436841817422,0.727840561455
HO_HXD9_HUMAN.H10MO.D,12824.0,3.73877715267,-0.00499895864183,0.01290837875,0.825014686346,0.294083193487,0.728944337643
HO_BHE23_HUMAN.H10MO.D,385.0,-20.0910712723,-0.0137254901961,0.0732771775621,0.831465967555,0.657744909867,0.732041827306
HO_TF7L1_HUMAN.H10MO.D,139.0,58.3605645522,0.0508241758242,0.120567375887,0.607277747186,0.435052340914,0.73308138341
HO_MLX_HUMAN.H10MO.D,150.0,0.809136973764,0.00369577903132,0.115384615385,0.995005214334,0.952116182472,0.734143958521
HO_CUX2_HUMAN.H10MO.D,148.0,48.8064840162,-0.0306513409962,0.113542282673,0.754000242823,0.468310649594,0.735985529648
HO_HNF4A_HUMAN.H10MO.A,339.0,-24.7063553184,0.0603988819219,0.0762932353841,0.806842989891,0.0486757549617,0.740975667389
HO_BHE41_HUMAN.H10MO.D,484.0,37.8195112531,-0.0301169590643,0.0633331489574,0.618504142496,0.292731493851,0.744088360565
HO_NR1I2_HUMAN.H10MO.C,463.0,-10.3919929304,0.00674486803519,0.0662887600998,0.90666880942,0.736199719281,0.744255128125
HO_BACH1_HUMAN.H10MO.A,345.0,44.1049330221,-0.0411255411255,0.0769141977684,0.63974642187,0.29917726349,0.744676045393
HO_PO6F1_HUMAN.H10MO.D,320.0,-15.8267211351,-0.0198377711162,0.0795439302482,0.880817446906,0.592549799846,0.748016383859
HO_SPIB_HUMAN.H10MO.B,3480.0,-1.53103945029,-0.0161812145772,0.0239229812227,0.96037116218,0.144290767564,0.748300305504
HO_GCM2_HUMAN.H10MO.D,44.0,-74.8892118555,0.0446428571429,0.207407407407,0.778205507375,0.620236209827,0.75024435259
HO_COT1_HUMAN.H10MO.B,1570.0,6.1318889007,-0.00622603940682,0.0362843810251,0.897685698262,0.678836951662,0.750831423136
HO_RUNX2_HUMAN.H10MO.B,982.0,22.3735010619,0.0100334448161,0.0450549399837,0.705694494119,0.589209763121,0.751210914226
HO_PAX2_HUMAN.H10MO.D,137.0,32.9909162499,0.0260651629073,0.122729631552,0.847090608737,0.570183611635,0.75557581028
HO_TBX21_HUMAN.H10MO.D,335.0,16.475519144,-0.0321761571762,0.0785141409878,0.873519341755,0.324852670973,0.756108081413
HO_RARA_HUMAN.H10MO.C,260.0,-9.8758284541,0.0639160188692,0.0872093023256,0.930545706469,0.105016477508,0.757083735376
HO_RFX2_HUMAN.H10MO.C,735.0,-8.4378678356,-0.00776395097108,0.050156641604,0.832323278357,0.795449261522,0.762977219081
HO_DDIT3_HUMAN.H10MO.C,306.0,48.0149986735,-0.0122885047457,0.078125,0.645671111569,0.68796929776,0.764479766344
HO_CTCFL_HUMAN.H10MO.A,1151.0,-11.8168996407,-0.00696061671451,0.0403749028749,0.766916720172,0.751486152574,0.765072872403
HO_HXA11_HUMAN.H10MO.D,2574.0,8.04767714689,-0.00318505523956,0.0285880912786,0.837989324965,0.76889156858,0.765105578941
HO_EPAS1_HUMAN.H10MO.D,1447.0,1.7783840445,0.00265894236482,0.036630948884,0.969003316127,0.869813022874,0.768246508004
HO_HXC6_HUMAN.H10MO.D,256.0,49.4823726534,-0.0396716826265,0.0865993734772,0.680273687712,0.320961275903,0.771746917953
HO_TCF7_HUMAN.H10MO.C,596.0,26.3879842915,-0.012410560079,0.0563226247437,0.714660704963,0.651006835336,0.771891724944
HO_HXA13_HUMAN.H10MO.C,485.0,-15.4883834788,-0.0296918767507,0.0621301775148,0.855428342908,0.2672867575,0.77740293887
HO_KLF1_HUMAN.H10MO.C,1905.0,-1.11163512999,0.0086630517665,0.0318970900462,0.977869955483,0.57568613572,0.779072479483
HO_NR1I3_HUMAN.H10MO.S,15912.0,-2.10273546445,0.00210807486837,0.0110528891017,0.888279862664,0.632156878786,0.779243693206
HO_BRCA1_HUMAN.H10MO.D,6297.0,2.08436499035,-0.0126449483476,0.0172947444511,0.929074055609,0.0980313903409,0.77969717131
HO_HXA9_HUMAN.H10MO.D,222.0,-3.55521036037,-0.0415073220782,0.0933333333333,0.976907394671,0.361524519033,0.780338666865
HO_HXB8_HUMAN.H10MO.C,507.0,16.0296012839,-0.0209592547821,0.0617443404011,0.851134497965,0.370809534134,0.781441211758
HO_RFX1_HUMAN.H10MO.C,437.0,25.159116173,-0.0303537925489,0.0640337423313,0.748103866108,0.346634064778,0.784473604148
HO_ISL2_HUMAN.H10MO.D,487.0,6.38899453218,0.00517959689224,0.0618371212121,0.941085017759,0.824373260826,0.786924837226
HO_EGR2_HUMAN.H10MO.C,2651.0,-8.45014076516,0.0088837122669,0.026006427861,0.69793556436,0.583759020189,0.78816950511
HO_PBX1_HUMAN.H10MO.B,474.0,-14.2345718613,-0.013378188077,0.0621656302438,0.867869997113,0.5851117698,0.788711573233
HO_NR1D1_HUMAN.H10MO.C,309.0,-6.47813915517,0.0135464231355,0.0806617874446,0.951370223279,0.701626913358,0.788850646145
HO_COT2_HUMAN.H10MO.A,1079.0,3.65809473353,0.00848014217277,0.041782729805,0.94762289498,0.665490727305,0.789365040919
HO_FOSL1_HUMAN.H10MO.A,1104.0,12.1414213461,-0.0186464581884,0.0416931025106,0.829889304405,0.235037930685,0.789551496329
HO_E2F3_HUMAN.H10MO.B,70.0,60.6493217701,0.0444444444444,0.159090909091,0.695498359479,0.671337877325,0.791289094456
HO_LHX8_HUMAN.H10MO.D,499.0,29.8246073328,-0.014963297572,0.062243502052,0.731067644751,0.470541927658,0.794075261474
HO_ZBT7B_HUMAN.H10MO.D,717.0,8.52433616036,-0.00212300461875,0.048951048951,0.831165014674,0.941292291762,0.795835188367
HO_DLX3_HUMAN.H10MO.C,593.0,28.9195539615,-0.028718819381,0.0562662876096,0.714716175901,0.130239155327,0.799306988608
HO_BARX1_HUMAN.H10MO.D,221.0,-34.1588518171,0.0107751129649,0.0881467044649,0.789825010187,0.731503373743,0.800071140047
HO_ZKSC3_HUMAN.H10MO.D,92.0,47.6769459209,-0.0215053763441,0.140757490107,0.791471402987,0.787770505759,0.800591739273
HO_HME2_HUMAN.H10MO.D,286.0,2.16890646748,-0.00802782981001,0.0786956521739,0.984021593738,0.814961719865,0.801316339146
HO_GATA1_HUMAN.H10MO.S,1670.0,-12.7733844944,0.00770007675837,0.0332104038525,0.781293913378,0.600867889321,0.80278647204
HO_P63_HUMAN.H10MO.S,865.0,-5.5111975509,0.000146370023419,0.045346483382,0.929118295482,0.994571385598,0.804100265444
HO_FOXP3_HUMAN.H10MO.D,8346.0,2.56790658832,-0.0117664437325,0.0147442225066,0.902189388668,0.0450647163387,0.805327114819
HO_HXB13_HUMAN.H10MO.D,3502.0,6.38469070601,-0.0118532096942,0.0232120385352,0.844953223367,0.205260947898,0.805328165776
HO_ALX1_HUMAN.H10MO.B,794.0,-15.2582273056,-0.0233796408345,0.0471005423446,0.815609822809,0.236107533296,0.80619778049
HO_NFYB_HUMAN.H10MO.A,1346.0,16.7727291742,-0.0177534221236,0.0354413350807,0.6431788012,0.379570957648,0.808468637048
HO_FOXD2_HUMAN.H10MO.D,1906.0,-4.59295005623,-0.0168105515588,0.0320263925898,0.920121525793,0.15430982947,0.808684288333
HO_PLAG1_HUMAN.H10MO.S,399.0,2.68892300114,-0.017600675866,0.0668147641832,0.976845486769,0.580360378128,0.811611357226
HO_FOSL2_HUMAN.H10MO.A,815.0,2.78667455839,-0.0182542497749,0.0470634234679,0.964920332229,0.359302712927,0.812965170101
HO_HXB2_HUMAN.H10MO.D,433.0,19.2013417844,-0.019811086254,0.0652796622946,0.833209436182,0.504751527002,0.813531497204
HO_TBX20_HUMAN.H10MO.D,226.0,-28.4713938579,-0.00564061240935,0.0891812865497,0.811908446457,0.902694266328,0.814143850637
HO_EGR3_HUMAN.H10MO.D,380.0,29.174211379,-0.0279761904762,0.0666746937178,0.750046263452,0.35670399593,0.816560643586
HO_RHXF1_HUMAN.H10MO.D,207.0,45.4029940118,-0.00909860347017,0.0923642656284,0.72256541267,0.822808471266,0.817962354664
HO_SMAD4_HUMAN.H10MO.C,613.0,-18.3680150351,0.00711922910974,0.0537404617019,0.809931061071,0.774878581668,0.81833859812
HO_GATA6_HUMAN.H10MO.B,1559.0,-15.6426135723,0.00102909602428,0.0337186897881,0.743354290899,0.940114339109,0.820110202524
HO_HXB1_HUMAN.H10MO.D,424.0,-15.633472554,0.0385949591248,0.0633333333333,0.863828061599,0.155465285815,0.820703752019
HO_TF7L2_HUMAN.H10MO.A,940.0,-21.0526485943,0.0261186041533,0.0423051543368,0.724422226187,0.161497688013,0.821991903466
HO_TBX1_HUMAN.H10MO.D,3100.0,4.54544262719,0.00245552467742,0.0236926026286,0.871542809051,0.848735764363,0.822269592842
HO_SMAD1_HUMAN.H10MO.D,850.0,14.5557435381,-0.0117985878855,0.0468744786349,0.811952813827,0.641045934783,0.823542195517
HO_DLX2_HUMAN.H10MO.D,6102.0,-4.61685379888,0.0018537133921,0.0171023190382,0.854001860205,0.771960966002,0.825402074496
HO_PPARG_HUMAN.H10MO.A,623.0,-7.30496058421,-0.0144863517952,0.0522539581147,0.91945683445,0.465609746831,0.82574686568
HO_NANOG_HUMAN.H10MO.A,671.0,26.5845092543,-0.0261086198306,0.0508326645265,0.715290614081,0.215379397764,0.826576271938
HO_HXC11_HUMAN.H10MO.D,56.0,-34.25535723,-0.0422764227642,0.185714285714,0.889540843888,0.450279258401,0.827101862446
HO_ELF2_HUMAN.H10MO.C,1812.0,12.782093173,-0.00225935698231,0.0302169097672,0.67159960842,0.916410932993,0.829159210893
HO_NFIC_HUMAN.H10MO.A,736.0,-2.93305487304,0.0277232768506,0.048905982906,0.966766271356,0.213350657225,0.831358929016
HO_GATA2_HUMAN.H10MO.A,1460.0,-2.01342725572,-0.0108438794762,0.0341945543558,0.967685130633,0.456963233635,0.832578518455
HO_ETV5_HUMAN.H10MO.D,736.0,15.8037608291,-0.018579325824,0.048293743727,0.816456030132,0.447865404176,0.833058039559
HO_NF2L1_HUMAN.H10MO.C,39461.0,-2.14987893134,0.00359597284506,0.00666954680784,0.822317745827,0.222126961104,0.833261140356
HO_ATF6A_HUMAN.H10MO.B,272.0,-38.7785235699,0.0218368657675,0.077361177029,0.691072348016,0.600315310995,0.834442435702
HO_FEV_HUMAN.H10MO.C,3887.0,8.96651244356,-0.0149215637936,0.021107873611,0.759404865932,0.148519841693,0.835851118358
HO_ZN589_HUMAN.H10MO.D,268.0,-20.7521300715,-0.0279711884754,0.0774110900994,0.841213018777,0.531701103527,0.839480034629
HO_E2F4_HUMAN.H10MO.A,214.0,14.9208418888,-0.0151515151515,0.0843218390805,0.872958795034,0.773037107182,0.843337127098
HO_MYOG_HUMAN.H10MO.D,724.0,17.792588983,-0.02267178536,0.0481109799292,0.786924288237,0.389053262407,0.845375436826
HO_TEAD1_HUMAN.H10MO.D,913.0,12.5914961241,0.0245221857371,0.0422165820643,0.836729552095,0.250930260523,0.84570483284
HO_PRDM4_HUMAN.H10MO.D,78.0,16.6123102888,0.063829787234,0.139130434783,0.930474005415,0.151421469933,0.846405087967
HO_ELK4_HUMAN.H10MO.A,219.0,-12.7483107861,-0.00313479623824,0.0829930765134,0.859619249634,0.959406513301,0.851843597062
HO_RORG_HUMAN.H10MO.C,248.0,13.3007361362,-0.00886319845857,0.0828095537398,0.909058049799,0.787980140576,0.855076393163
HO_PO5F1_HUMAN.H10MO.A,537.0,-10.2826196378,0.013495720869,0.0538461538462,0.897593782592,0.524766245657,0.855671844251
HO_ZN652_HUMAN.H10MO.D,419.0,10.3512135341,-0.014905962385,0.0614163675883,0.905673567175,0.588797487545,0.855824421054
HO_TF2LX_HUMAN.H10MO.D,193.0,26.178433099,-0.032101397773,0.0899393939394,0.838192758976,0.476064844453,0.859752880684
HO_SOX11_HUMAN.H10MO.D,196.0,-35.8568366714,0.0486278285989,0.0913348946136,0.783122521056,0.247564578674,0.860072568324
HO_PPARD_HUMAN.H10MO.D,321.0,27.8104522058,0.00261059426619,0.0735492577598,0.790621843263,0.943719352761,0.860301700232
HO_P63_HUMAN.H10MO.A,389.0,23.7419656184,-0.005503284218,0.0638730918887,0.793435419107,0.882952795513,0.861765543161
HO_HXA10_HUMAN.H10MO.C,1238.0,1.05129310902,0.00768724575257,0.0363482975715,0.984786775585,0.60311979676,0.862558696464
HO_ETS2_HUMAN.H10MO.C,1012.0,-5.2573331149,0.0227794561934,0.0394340432357,0.916581781275,0.364230675587,0.862970986674
HO_CREM_HUMAN.H10MO.C,206.0,21.1807705685,-0.0453503438652,0.0848595848596,0.803798991178,0.457281836595,0.863577284465
HO_FLI1_HUMAN.H10MO.A,1005.0,10.8619502042,0.00967465753425,0.0390333453714,0.791754072153,0.734304659464,0.865107428971
HO_NFAC2_HUMAN.H10MO.B,3563.0,3.91941184183,0.000163129717786,0.0211561441592,0.901087230445,0.986864793261,0.865767790637
HO_GSC_HUMAN.H10MO.D,384.0,16.5043098223,-0.00768245838668,0.0625349459992,0.862181613194,0.803104517282,0.866867996239
HO_AHR_HUMAN.H10MO.B,197.0,18.2324769162,-0.0358819584172,0.0874285714286,0.873546600932,0.474982390296,0.867471156478
HO_HXA1_HUMAN.H10MO.C,345.0,-1.30119376773,0.00175702811245,0.0707555178268,0.990362874312,0.952269966586,0.869743824278
HO_SP1_HUMAN.H10MO.S,8031.0,-3.07022967636,0.00256578084051,0.0136970691463,0.808541548925,0.77702527566,0.871227247605
HO_IRF8_HUMAN.H10MO.D,1243.0,-3.66039354379,-0.0262313799577,0.0356961427137,0.944395732702,0.149263709655,0.871954806326
HO_RFX4_HUMAN.H10MO.D,425.0,41.1731360763,-0.036795626577,0.0585889570552,0.545886135372,0.251743190516,0.871974186198
HO_COT1_HUMAN.H10MO.S,577.0,2.50186293671,0.0300733305596,0.0509458184867,0.972788231925,0.248213685716,0.872639959909
HO_SPZ1_HUMAN.H10MO.D,196.0,40.1169750947,-0.00627501893325,0.0848806366048,0.719578660817,0.909394193849,0.87568136325
HO_ZN282_HUMAN.H10MO.D,512.0,8.83216038799,-0.0313872384397,0.0532356532357,0.907940622312,0.276054522009,0.875766615524
HO_PRDM1_HUMAN.H10MO.C,696.0,7.30456403683,-0.0260948757022,0.0462216898955,0.915277859404,0.273426951654,0.879235847446
HO_FOXF1_HUMAN.H10MO.D,3551.0,-1.11036504005,0.0074646912926,0.0211794053598,0.972817168983,0.396633115198,0.879381209047
HO_MYBA_HUMAN.H10MO.D,66.0,2.52441021287,-0.0909090909091,0.150609080842,0.990263102928,0.188264412299,0.879500579516
HO_SRBP1_HUMAN.H10MO.B,1368.0,-8.88559997237,0.0262408988432,0.0338798678824,0.853538935309,0.166295190727,0.880660123818
HO_SOX13_HUMAN.H10MO.D,18779.0,1.23110225142,-0.00471348813097,0.00905596621134,0.928920103194,0.24643709401,0.882040290961
HO_ZBT7A_HUMAN.H10MO.D,1161.0,-4.65876441072,0.0288789428815,0.0373591097161,0.916931576926,0.20879632538,0.882512458281
HO_OVOL1_HUMAN.H10MO.C,1267.0,8.20354700103,-0.0130360058434,0.0349467002449,0.880304130709,0.4043512123,0.884825103058
HO_INSM1_HUMAN.H10MO.C,205.0,60.1125478807,-0.0411445279866,0.0840802390098,0.594929721809,0.37292502345,0.886268775344
HO_ZIC3_HUMAN.H10MO.C,1398.0,-5.12476578522,0.0103872522514,0.0321428571429,0.909140475764,0.558553903886,0.889766426898
HO_NFAC1_HUMAN.H10MO.A,1405.0,7.97371396814,0.00665597960083,0.0329594620015,0.880609067375,0.644108861154,0.892003701815
HO_GFI1B_HUMAN.H10MO.C,922.0,1.1639456584,-0.0244865352403,0.0391913165962,0.984638839001,0.20440699699,0.898127294233
HO_USF2_HUMAN.H10MO.A,643.0,0.141200159528,0.0151609846576,0.0455357142857,0.996740586214,0.682478834924,0.900759971764
HO_MCR_HUMAN.H10MO.D,422.0,-6.78500271964,-0.0283586506214,0.0575614861329,0.938960394096,0.313456813365,0.901096020732
HO_HXD8_HUMAN.H10MO.D,1593.0,4.0321547957,-0.0100424602266,0.0299276675889,0.931032460774,0.425706227042,0.903340466917
HO_MYOD1_HUMAN.H10MO.C,3065.0,-10.1067741106,0.00639367175187,0.0216393426874,0.751989368501,0.606660783103,0.904924555152
HO_PO3F1_HUMAN.H10MO.C,830.0,-4.74569253065,0.00249042145594,0.0407007722875,0.942215758277,0.885680211524,0.90866240126
HO_UNC4_HUMAN.H10MO.D,650.0,-11.3922101914,0.00246812011518,0.0461342395922,0.876124667033,0.913994905613,0.910176513016
HO_DRGX_HUMAN.H10MO.D,650.0,-11.3922101914,0.00246812011518,0.0461342395922,0.876124667033,0.913994905613,0.910176513016
HO_FOXA3_HUMAN.H10MO.C,7694.0,-2.65339348753,0.00273911972886,0.0135466034755,0.902179990147,0.666399828408,0.912464297558
HO_NDF2_HUMAN.H10MO.D,100.0,29.2440949938,-0.0552584670232,0.116083916084,0.867123112124,0.450613935237,0.912690762612
HO_TFDP1_HUMAN.H10MO.S,93.0,24.1251743587,0.0866028708134,0.115615615616,0.879285774429,0.288134518029,0.914205738831
HO_ZN784_HUMAN.H10MO.D,323.0,4.22682561117,0.034114857745,0.0656007838247,0.967647194722,0.265307999738,0.915197635761
HO_CEBPA_HUMAN.H10MO.A,899.0,-4.95133134674,-0.00836482308485,0.039680712699,0.939341649828,0.626614355971,0.915237755701
HO_ALX4_HUMAN.H10MO.D,622.0,-15.6795510552,-0.00213989875748,0.0466633448823,0.836679353174,0.925187334103,0.916069598071
HO_ETS1_HUMAN.H10MO.C,1912.0,2.1882712643,0.00439487760112,0.0268355316338,0.957950771713,0.781695715882,0.916119901716
HO_TFCP2_HUMAN.H10MO.D,572.0,-10.8988476021,0.0230374951251,0.0490698490698,0.877073389989,0.487979859914,0.917818717793
HO_GSC2_HUMAN.H10MO.D,145.0,17.3941436557,-0.027088502895,0.0944160272805,0.891780543462,0.62677159659,0.91877613524
HO_NR2C1_HUMAN.H10MO.C,639.0,-13.8838155639,0.0374429223744,0.045367957785,0.838467541955,0.167611826129,0.923688156505
HO_BMAL1_HUMAN.H10MO.C,196.0,-19.5024782362,0.0268870523416,0.0795045045045,0.851528525432,0.620606208482,0.92408856418
HO_RXRA_HUMAN.H10MO.C,591.0,-16.784217294,0.031349749202,0.046900125067,0.822181027766,0.167489513616,0.925771842664
HO_MSX1_HUMAN.H10MO.D,589.0,6.77711366497,0.00161816520945,0.0472896557166,0.931506170097,0.934123923515,0.928359151809
HO_P53_HUMAN.H10MO.B,290.0,9.78670464995,-0.0036036036036,0.065635451505,0.925007023008,0.930351486061,0.928926681771
HO_BSH_HUMAN.H10MO.D,537.0,21.6439314744,-0.00802354000515,0.049873491631,0.796482318285,0.715295242616,0.930719308722
HO_IRF2_HUMAN.H10MO.C,793.0,-4.15826174997,-0.00852256228585,0.0403840537383,0.94855591781,0.720628916643,0.93565029211
HO_DLX4_HUMAN.H10MO.D,1925.0,10.9526375071,0.0102555442117,0.026310051789,0.805800053127,0.379328425067,0.938781235033
HO_ZFX_HUMAN.H10MO.C,3300.0,10.2828134091,-0.000757181392267,0.0190111656234,0.596294917739,0.961529915197,0.94029253458
HO_SOX8_HUMAN.H10MO.D,306.0,35.1422823125,-0.0199106054449,0.0651601919208,0.752638034406,0.585571725757,0.942304883347
HO_GATA4_HUMAN.H10MO.B,5026.0,1.64730838155,0.00801141453665,0.0159059112531,0.951199074069,0.330927937792,0.942816079461
HO_SOX18_HUMAN.H10MO.D,1758.0,-5.57859004164,-0.0103967315342,0.0255185411202,0.891189813895,0.450628058855,0.943277142076
HO_IRF9_HUMAN.H10MO.C,613.0,-12.5112292354,0.010932907672,0.0460267606353,0.872742822405,0.644221163421,0.943936259322
HO_SPDEF_HUMAN.H10MO.D,824.0,-3.51249612633,0.0183066361556,0.0362427762973,0.953813257964,0.377580826874,0.948751316208
HO_RUNX1_HUMAN.H10MO.A,2135.0,6.0393572663,0.00112049663556,0.0236980828783,0.881325256791,0.929850204744,0.949705927696
HO_ZIC1_HUMAN.H10MO.B,1044.0,7.16955061654,0.00227570762806,0.0330156569095,0.887266009541,0.921653497453,0.955527709096
HO_ZIC2_HUMAN.H10MO.C,1044.0,7.16955061654,0.00227570762806,0.0330156569095,0.887266009541,0.921653497453,0.955527709096
HO_NKX28_HUMAN.H10MO.C,1127.0,13.9147315762,0.0256433960788,0.0319688985992,0.796779047084,0.177429323573,0.958238346915
HO_NFAT5_HUMAN.H10MO.D,449.0,9.95539947479,0.0136231884058,0.0503355704698,0.908857607565,0.620496733552,0.958407108492
HO_ESR1_HUMAN.H10MO.S,275.0,4.91483227662,-0.0395786586886,0.065630944832,0.963676687177,0.364366137865,0.958843752126
HO_MEIS1_HUMAN.H10MO.C,341.0,5.20431245351,0.00739463601533,0.0572204968944,0.960646200263,0.829045174662,0.959712687233
HO_ETV3_HUMAN.H10MO.D,373.0,-1.99642037781,-0.00943089430894,0.0550727500165,0.983431911493,0.756412042206,0.960234721314
HO_SMAD3_HUMAN.H10MO.C,1142.0,-1.28779503658,-0.0166695619445,0.0315694604446,0.981739977689,0.430586005508,0.967362642177
HO_HXC12_HUMAN.H10MO.D,965.0,-9.10444358821,-0.0104538397952,0.0332570201386,0.884646863658,0.528269481599,0.975100589784
HO_ETV4_HUMAN.H10MO.B,8537.0,0.440628841042,0.000418114524211,0.011028035453,0.982115948272,0.953549248342,0.975338834462
HO_HOMEZ_HUMAN.H10MO.D,263.0,24.5417248438,-0.0507273877293,0.060650887574,0.838734718966,0.0797817754401,0.977138863489
HO_TBX3_HUMAN.H10MO.D,104.0,-8.56957859862,-0.0151260504202,0.0974967061924,0.963127494472,0.598273641868,0.977907323499
HO_NR4A3_HUMAN.H10MO.D,848.0,-1.24974728727,0.000815593644692,0.0344393592677,0.98430697502,0.969076514498,0.978171607243
HO_ESX1_HUMAN.H10MO.D,1265.0,2.05815953543,-0.00581987487269,0.0283481217106,0.970293440442,0.684614170995,0.979831515195
HO_FOS_HUMAN.H10MO.A,879.0,7.3307504146,-0.0274835985943,0.0336335575972,0.9056161134,0.200258606983,0.981306178027
HO_EGR4_HUMAN.H10MO.D,6819.0,3.64324367355,-0.00131718905219,0.0116158985245,0.796501507394,0.898540640916,0.982969657694
HO_BHE22_HUMAN.H10MO.D,603.0,8.42219801782,-0.0239670074839,0.0400695938587,0.916505104418,0.262543637722,0.986215214996
HO_STAT3_HUMAN.H10MO.A,205.0,2.83345808787,-0.0542756330428,0.0640373197625,0.976411262764,0.382930794332,0.988843423337
HO_ANDR_HUMAN.H10MO.A,606.0,10.4574693269,-0.000893892539621,0.0372601272831,0.887936119471,0.970987709945,0.990414477776
HO_ESR2_HUMAN.H10MO.A,302.0,12.0462589947,0.0261933656958,0.0526315789474,0.904116964584,0.531778965827,0.992388818906
HO_ZN333_HUMAN.H10MO.D,1167.0,0.175024239478,-0.00729049560471,0.0267380588135,0.997595027237,0.675836057934,0.992984625333
HO_HEN1_HUMAN.H10MO.C,237.0,20.8198500493,-0.0157155399473,0.0581854043393,0.818461395488,0.803207831426,0.99618819353
HO_MAFK_HUMAN.H10MO.S,543.0,9.52686366238,-0.0102015310108,0.0367271695973,0.90265573001,0.72190777925,0.996921335581
HO_ZN524_HUMAN.H10MO.D,143.0,0.102583307883,-0.0112958226769,0.0665934065934,0.999341515644,0.868683544775,0.998246656708
HO_MEOX1_HUMAN.H10MO.D,365.0,-15.9560396586,0.0305039787798,0.0424197162061,0.880175134446,0.269028212074,0.999174248711
HO_ONEC2_HUMAN.H10MO.D,1992.0,4.29199324954,-0.00908236500342,0.0163218737725,0.917486869228,0.392658261051,0.99958937951
