fileID,k,K,n,N,pvalue
HO_AHR_HUMAN.H10MO.B.bed,0,14,207.0,27167.0,0.203142263017
HO_AIRE_HUMAN.H10MO.C.bed,1,40,206.0,26653.0,0.0765265476232
HO_ALX1_HUMAN.H10MO.B.bed,0,35,207.0,27167.0,0.469990663904
HO_ALX3_HUMAN.H10MO.D.bed,0,46,207.0,27167.0,0.593627874087
HO_ANDR_HUMAN.H10MO.A.bed,0,55,207.0,27167.0,0.687350553456
HO_AP2A_HUMAN.H10MO.C.bed,1,100,193.0,24459.0,0.373644133314
HO_AP2B_HUMAN.H10MO.B.bed,0,54,207.0,27167.0,0.677251748894
HO_AP2C_HUMAN.H10MO.A.bed,3,164,207.0,27167.0,0.0742354600377
HO_AP2D_HUMAN.H10MO.D.bed,0,4,95.0,12206.0,0.0615487884498
HO_ARI3A_HUMAN.H10MO.D.bed,5,293,207.0,27167.0,0.0504685527142
HO_ARI3A_HUMAN.H10MO.S.bed,32,4134,207.0,27167.0,0.829237110152
HO_ARI5B_HUMAN.H10MO.C.bed,1,49,207.0,27167.0,0.107576326521
HO_ARNT2_HUMAN.H10MO.D.bed,0,22,141.0,19453.0,0.295931824605
HO_ARX_HUMAN.H10MO.D.bed,0,35,207.0,27167.0,0.469990663904
HO_ASCL2_HUMAN.H10MO.D.bed,1,230,207.0,27167.0,0.950560060097
HO_ATF1_HUMAN.H10MO.B.bed,0,25,207.0,27167.0,0.348234927199
HO_ATF2_HUMAN.H10MO.B.bed,0,43,207.0,27167.0,0.560930187057
HO_ATF3_HUMAN.H10MO.A.bed,1,67,207.0,27167.0,0.185284083031
HO_ATF6A_HUMAN.H10MO.B.bed,0,0,0.0,0.0,0.0
HO_ATF7_HUMAN.H10MO.D.bed,0,9,129.0,17898.0,0.126084495726
HO_ATOH1_HUMAN.H10MO.D.bed,0,29,207.0,27167.0,0.398053250472
HO_BACH1_HUMAN.H10MO.A.bed,0,105,207.0,27167.0,0.8944779328
HO_BARH1_HUMAN.H10MO.D.bed,0,40,188.0,23065.0,0.558768674717
HO_BARH2_HUMAN.H10MO.D.bed,1,55,207.0,27167.0,0.131916302769
HO_BARX1_HUMAN.H10MO.D.bed,0,14,207.0,27167.0,0.203142263017
HO_BARX2_HUMAN.H10MO.D.bed,0,118,207.0,27167.0,0.809484337803
HO_BATF3_HUMAN.H10MO.D.bed,0,23,207.0,27167.0,0.32275061136
HO_BATF_HUMAN.H10MO.A.bed,0,32,85.0,9349.0,0.507595737411
HO_BATF_HUMAN.H10MO.S.bed,3,163,207.0,27167.0,0.0728430558399
HO_BC11A_HUMAN.H10MO.C.bed,4,376,122.0,16057.0,0.316777333956
HO_BCL6_HUMAN.H10MO.C.bed,0,93,207.0,27167.0,0.980791698115
HO_BCL6B_HUMAN.H10MO.D.bed,0,9,38.0,5055.0,0.131414335016
HO_BHA15_HUMAN.H10MO.D.bed,0,36,207.0,27167.0,0.481663667424
HO_BHE22_HUMAN.H10MO.D.bed,1,33,193.0,24459.0,0.0557252433286
HO_BHE23_HUMAN.H10MO.D.bed,1,29,207.0,27167.0,0.0409878139091
HO_BHE40_HUMAN.H10MO.A.bed,0,53,207.0,27167.0,0.667075627983
HO_BHE41_HUMAN.H10MO.D.bed,0,43,207.0,27167.0,0.560930187057
HO_BMAL1_HUMAN.H10MO.C.bed,0,3,56.0,7061.0,0.0472155658991
HO_BPTF_HUMAN.H10MO.D.bed,3,532,207.0,27167.0,0.840582002575
HO_BRAC_HUMAN.H10MO.D.bed,0,2,141.0,19453.0,0.0288886232954
HO_BRCA1_HUMAN.H10MO.D.bed,3,85,122.0,16057.0,0.00799862773468
HO_BSH_HUMAN.H10MO.D.bed,0,61,207.0,27167.0,0.746352167328
HO_CDX1_HUMAN.H10MO.C.bed,12,1285,207.0,27167.0,0.366747762703
HO_CDX2_HUMAN.H10MO.C.bed,18,1801,207.0,27167.0,0.188584667833
HO_CEBPA_HUMAN.H10MO.A.bed,1,55,207.0,27167.0,0.131916302769
HO_CEBPB_HUMAN.H10MO.A.bed,0,2,38.0,5055.0,0.0299591709359
HO_CEBPD_HUMAN.H10MO.B.bed,0,42,207.0,27167.0,0.54986370914
HO_CEBPE_HUMAN.H10MO.A.bed,0,11,207.0,27167.0,0.16141590306
HO_CEBPZ_HUMAN.H10MO.D.bed,1,70,207.0,27167.0,0.199465481557
HO_CENPB_HUMAN.H10MO.D.bed,0,0,207.0,27167.0,0.0
HO_CLOCK_HUMAN.H10MO.D.bed,0,59,111.0,12701.0,0.809872157337
HO_COE1_HUMAN.H10MO.A.bed,0,136,207.0,27167.0,0.704912714535
HO_COT1_HUMAN.H10MO.B.bed,1,131,156.0,20378.0,0.530566820009
HO_COT1_HUMAN.H10MO.S.bed,0,20,124.0,16858.0,0.274686581521
HO_CPEB1_HUMAN.H10MO.D.bed,3,925,193.0,24459.0,0.126319290407
HO_CR3L1_HUMAN.H10MO.D.bed,0,6,124.0,16858.0,0.0866720204336
HO_CREB1_HUMAN.H10MO.A.bed,0,5,122.0,16057.0,0.0748426722825
HO_CREB3_HUMAN.H10MO.D.bed,0,5,156.0,20378.0,0.0753972938758
HO_CREM_HUMAN.H10MO.C.bed,0,18,207.0,27167.0,0.2573149722
HO_CRX_HUMAN.H10MO.C.bed,6,684,207.0,27167.0,0.534737100508
HO_CTCF_HUMAN.H10MO.A.bed,1,116,193.0,24459.0,0.465847462948
HO_CTCFL_HUMAN.H10MO.A.bed,1,64,111.0,12701.0,0.215421578515
HO_CUX1_HUMAN.H10MO.C.bed,0,4,207.0,27167.0,0.0602664407737
HO_CUX2_HUMAN.H10MO.D.bed,0,11,122.0,16057.0,0.160995184903
HO_CXXC1_HUMAN.H10MO.D.bed,1,150,56.0,7061.0,0.669192514488
HO_DBP_HUMAN.H10MO.B.bed,0,49,207.0,27167.0,0.625586131416
HO_DDIT3_HUMAN.H10MO.C.bed,0,5,73.0,8201.0,0.0874638490819
HO_DLX2_HUMAN.H10MO.D.bed,3,398,207.0,27167.0,0.7202612042
HO_DLX3_HUMAN.H10MO.C.bed,1,51,207.0,27167.0,0.115496328761
HO_DLX4_HUMAN.H10MO.D.bed,1,101,175.0,21572.0,0.395498520558
HO_DLX5_HUMAN.H10MO.D.bed,2,116,207.0,27167.0,0.118299848626
HO_DLX6_HUMAN.H10MO.D.bed,1,165,141.0,19453.0,0.672918806671
HO_DMBX1_HUMAN.H10MO.D.bed,0,101,207.0,27167.0,0.922374580655
HO_DPRX_HUMAN.H10MO.D.bed,1,5,207.0,27167.0,0.00113823737871
HO_DRGX_HUMAN.H10MO.D.bed,0,42,207.0,27167.0,0.54986370914
HO_DUXA_HUMAN.H10MO.D.bed,1,49,207.0,27167.0,0.107576326521
HO_E2F1_HUMAN.H10MO.A.bed,1,13,175.0,21572.0,0.00962545429712
HO_E2F2_HUMAN.H10MO.B.bed,0,3,186.0,25781.0,0.0429777945719
HO_E2F3_HUMAN.H10MO.B.bed,0,0,207.0,27167.0,0.0
HO_E2F4_HUMAN.H10MO.A.bed,0,13,207.0,27167.0,0.189339259023
HO_E2F5_HUMAN.H10MO.B.bed,0,1,203.0,26921.0,0.0150811633796
HO_E2F6_HUMAN.H10MO.C.bed,1,65,207.0,27167.0,0.176002561445
HO_E2F7_HUMAN.H10MO.D.bed,0,3,207.0,27167.0,0.0453714283414
HO_EGR1_HUMAN.H10MO.A.bed,1,398,188.0,23065.0,0.323855298576
HO_EGR1_HUMAN.H10MO.S.bed,0,43,197.0,25559.0,0.566442190567
HO_EGR2_HUMAN.H10MO.C.bed,0,33,207.0,27167.0,0.44637606049
HO_EGR3_HUMAN.H10MO.D.bed,0,27,197.0,25559.0,0.377241385537
HO_EGR4_HUMAN.H10MO.D.bed,2,135,207.0,27167.0,0.168956374077
HO_EHF_HUMAN.H10MO.C.bed,5,710,207.0,27167.0,0.91352777035
HO_EHF_HUMAN.H10MO.S.bed,0,47,156.0,20378.0,0.606869624502
HO_ELF2_HUMAN.H10MO.C.bed,1,124,207.0,27167.0,0.48763980566
HO_ELF5_HUMAN.H10MO.D.bed,0,4,21.0,2584.0,0.0642640619122
HO_ELK1_HUMAN.H10MO.A.bed,0,27,207.0,27167.0,0.373333873612
HO_ELK3_HUMAN.H10MO.D.bed,3,116,207.0,27167.0,0.0241666398422
HO_ELK4_HUMAN.H10MO.A.bed,0,7,207.0,27167.0,0.104277112519
HO_EMX1_HUMAN.H10MO.D.bed,2,66,207.0,27167.0,0.0280680567914
HO_EMX2_HUMAN.H10MO.D.bed,1,75,207.0,27167.0,0.223740302754
HO_ENOA_HUMAN.H10MO.A.bed,1,49,207.0,27167.0,0.107576326521
HO_EOMES_HUMAN.H10MO.D.bed,2,95,207.0,27167.0,0.0724095116106
HO_EPAS1_HUMAN.H10MO.D.bed,1,100,207.0,27167.0,0.354225833297
HO_ERG_HUMAN.H10MO.B.bed,0,12,207.0,27167.0,0.175430739801
HO_ERR1_HUMAN.H10MO.D.bed,1,161,207.0,27167.0,0.695126039162
HO_ERR2_HUMAN.H10MO.A.bed,1,267,207.0,27167.0,0.788728315229
HO_ESR1_HUMAN.H10MO.A.bed,0,1,21.0,2584.0,0.0162538699608
HO_ESR1_HUMAN.H10MO.S.bed,0,27,193.0,24459.0,0.385318801286
HO_ESR2_HUMAN.H10MO.A.bed,0,42,193.0,24459.0,0.566468944553
HO_ESR2_HUMAN.H10MO.S.bed,12,2100,207.0,27167.0,0.362923163818
HO_ESX1_HUMAN.H10MO.D.bed,1,62,207.0,27167.0,0.162355591457
HO_ETS1_HUMAN.H10MO.C.bed,5,461,207.0,27167.0,0.283183913452
HO_ETS2_HUMAN.H10MO.C.bed,1,183,207.0,27167.0,0.814397465469
HO_ETV1_HUMAN.H10MO.B.bed,0,29,38.0,5055.0,0.394057139302
HO_ETV2_HUMAN.H10MO.D.bed,3,272,207.0,27167.0,0.30929086507
HO_ETV5_HUMAN.H10MO.D.bed,1,82,207.0,27167.0,0.258912610489
HO_ETV6_HUMAN.H10MO.D.bed,0,11,193.0,24459.0,0.166939983121
HO_ETV7_HUMAN.H10MO.D.bed,1,63,207.0,27167.0,0.166866769502
HO_EVI1_HUMAN.H10MO.B.bed,0,8,85.0,9349.0,0.140975352727
HO_EVX1_HUMAN.H10MO.D.bed,1,139,207.0,27167.0,0.572211656293
HO_EVX2_HUMAN.H10MO.A.bed,2,102,207.0,27167.0,0.0864613072578
HO_FEV_HUMAN.H10MO.C.bed,1,104,207.0,27167.0,0.376106713771
HO_FIGLA_HUMAN.H10MO.D.bed,1,78,207.0,27167.0,0.238655871753
HO_FLI1_HUMAN.H10MO.A.bed,0,106,156.0,20378.0,0.88377555681
HO_FOS_HUMAN.H10MO.A.bed,1,82,207.0,27167.0,0.258912610489
HO_FOSB_HUMAN.H10MO.C.bed,4,104,188.0,23065.0,0.00327013687282
HO_FOSL2_HUMAN.H10MO.A.bed,2,136,207.0,27167.0,0.171843512356
HO_FOXA1_HUMAN.H10MO.A.bed,2,168,207.0,27167.0,0.274360018056
HO_FOXA2_HUMAN.H10MO.A.bed,2,105,197.0,25559.0,0.0954796081443
HO_FOXA3_HUMAN.H10MO.C.bed,3,472,207.0,27167.0,0.97121874675
HO_FOXB1_HUMAN.H10MO.D.bed,0,31,128.0,17104.0,0.415804033151
HO_FOXC1_HUMAN.H10MO.C.bed,0,43,207.0,27167.0,0.560930187057
HO_FOXC2_HUMAN.H10MO.D.bed,0,5,30.0,3768.0,0.0784010507557
HO_FOXD1_HUMAN.H10MO.D.bed,0,53,207.0,27167.0,0.667075627983
HO_FOXD2_HUMAN.H10MO.D.bed,0,94,207.0,27167.0,0.973292847445
HO_FOXD3_HUMAN.H10MO.D.bed,5,686,156.0,20378.0,0.857952122531
HO_FOXF1_HUMAN.H10MO.D.bed,2,237,207.0,27167.0,0.540999742767
HO_FOXF2_HUMAN.H10MO.D.bed,1,27,42.0,6518.0,0.025698018339
HO_FOXH1_HUMAN.H10MO.A.bed,1,60,207.0,27167.0,0.153450901907
HO_FOXI1_HUMAN.H10MO.B.bed,1,69,207.0,27167.0,0.19470485597
HO_FOXJ2_HUMAN.H10MO.C.bed,1,212,207.0,27167.0,0.963068789662
HO_FOXJ3_HUMAN.H10MO.A.bed,3,607,207.0,27167.0,0.635338815935
HO_FOXJ3_HUMAN.H10MO.S.bed,4,684,207.0,27167.0,0.801580491076
HO_FOXK1_HUMAN.H10MO.D.bed,1,13,207.0,27167.0,0.00852851038632
HO_FOXL1_HUMAN.H10MO.D.bed,0,461,207.0,27167.0,0.0570845625249
HO_FOXM1_HUMAN.H10MO.D.bed,1,522,207.0,27167.0,0.180550867705
HO_FOXO1_HUMAN.H10MO.C.bed,4,566,111.0,12701.0,0.890742058347
HO_FOXO3_HUMAN.H10MO.B.bed,0,117,207.0,27167.0,0.815726682418
HO_FOXO4_HUMAN.H10MO.C.bed,4,436,207.0,27167.0,0.479894321725
HO_FOXO6_HUMAN.H10MO.D.bed,1,44,207.0,27167.0,0.0886856655021
HO_FOXP2_HUMAN.H10MO.A.bed,7,755,193.0,24459.0,0.494683501813
HO_FOXQ1_HUMAN.H10MO.C.bed,0,81,206.0,26653.0,0.934205357147
HO_FUBP1_HUMAN.H10MO.D.bed,3,531,188.0,23065.0,0.736796764446
HO_GABP1_HUMAN.H10MO.C.bed,0,43,207.0,27167.0,0.560930187057
HO_GABPA_HUMAN.H10MO.A.bed,0,14,129.0,17898.0,0.192689683484
HO_GATA1_HUMAN.H10MO.A.bed,0,36,207.0,27167.0,0.481663667424
HO_GATA2_HUMAN.H10MO.A.bed,2,167,207.0,27167.0,0.270888552752
HO_GATA3_HUMAN.H10MO.C.bed,0,26,21.0,2584.0,0.384012559901
HO_GATA4_HUMAN.H10MO.B.bed,2,410,207.0,27167.0,0.786472297223
HO_GATA5_HUMAN.H10MO.D.bed,0,27,86.0,10503.0,0.398595531796
HO_GATA6_HUMAN.H10MO.B.bed,0,117,207.0,27167.0,0.815726682418
HO_GATA6_HUMAN.H10MO.S.bed,62,7404,207.0,27167.0,0.339734347704
HO_GBX1_HUMAN.H10MO.D.bed,1,167,207.0,27167.0,0.728105928863
HO_GBX2_HUMAN.H10MO.D.bed,2,66,175.0,21572.0,0.0330620943409
HO_GCM1_HUMAN.H10MO.D.bed,0,10,175.0,21572.0,0.156482203093
HO_GCM2_HUMAN.H10MO.D.bed,0,4,207.0,27167.0,0.0602664407737
HO_GCR_HUMAN.H10MO.A.bed,0,12,85.0,9349.0,0.207733939391
HO_GCR_HUMAN.H10MO.S.bed,25,3506,207.0,27167.0,0.819200840597
HO_GFI1_HUMAN.H10MO.C.bed,2,107,207.0,27167.0,0.0972701191368
HO_GFI1B_HUMAN.H10MO.C.bed,0,48,207.0,27167.0,0.615014502761
HO_GLI1_HUMAN.H10MO.C.bed,0,38,141.0,19453.0,0.483436621253
HO_GLI2_HUMAN.H10MO.B.bed,1,41,207.0,27167.0,0.0780161608942
HO_GLIS1_HUMAN.H10MO.D.bed,0,9,207.0,27167.0,0.133064035461
HO_GLIS3_HUMAN.H10MO.D.bed,0,64,207.0,27167.0,0.774855577853
HO_GMEB2_HUMAN.H10MO.D.bed,0,7,207.0,27167.0,0.104277112519
HO_GRHL1_HUMAN.H10MO.D.bed,0,4,207.0,27167.0,0.0602664407737
HO_GSC2_HUMAN.H10MO.D.bed,0,5,207.0,27167.0,0.0750484915393
HO_GSC_HUMAN.H10MO.D.bed,0,37,207.0,27167.0,0.493248040344
HO_GSX1_HUMAN.H10MO.D.bed,0,62,207.0,27167.0,0.755925881617
HO_GSX2_HUMAN.H10MO.D.bed,0,48,175.0,21572.0,0.647794208172
HO_HAND1_HUMAN.H10MO.D.bed,1,51,207.0,27167.0,0.115496328761
HO_HBP1_HUMAN.H10MO.D.bed,0,205,207.0,27167.0,0.414459888216
HO_HEN1_HUMAN.H10MO.C.bed,0,28,207.0,27167.0,0.385740649079
HO_HES1_HUMAN.H10MO.D.bed,0,34,207.0,27167.0,0.458228354851
HO_HES5_HUMAN.H10MO.D.bed,1,78,207.0,27167.0,0.238655871753
HO_HES7_HUMAN.H10MO.D.bed,1,75,207.0,27167.0,0.223740302754
HO_HESX1_HUMAN.H10MO.D.bed,0,5,86.0,10503.0,0.0805664820494
HO_HEY1_HUMAN.H10MO.D.bed,1,74,175.0,21572.0,0.242466894097
HO_HEY2_HUMAN.H10MO.D.bed,1,81,207.0,27167.0,0.253810914497
HO_HIC1_HUMAN.H10MO.C.bed,0,80,207.0,27167.0,0.916328183841
HO_HIC2_HUMAN.H10MO.D.bed,0,62,38.0,5055.0,0.750858326914
HO_HIF1A_HUMAN.H10MO.A.bed,0,0,115.0,14022.0,0.0
HO_HINFP_HUMAN.H10MO.C.bed,0,1,193.0,26624.0,0.0144981970902
HO_HLF_HUMAN.H10MO.C.bed,0,19,207.0,27167.0,0.270602231421
HO_HLTF_HUMAN.H10MO.D.bed,0,73,207.0,27167.0,0.856553563189
HO_HME1_HUMAN.H10MO.D.bed,1,59,207.0,27167.0,0.149059114452
HO_HME2_HUMAN.H10MO.D.bed,0,22,207.0,27167.0,0.309862103701
HO_HMGA1_HUMAN.H10MO.D.bed,33,5751,207.0,27167.0,0.0715552991957
HO_HMGA2_HUMAN.H10MO.D.bed,0,10,188.0,23065.0,0.157195928869
HO_HMX1_HUMAN.H10MO.D.bed,3,59,207.0,27167.0,0.00214759878249
HO_HMX3_HUMAN.H10MO.D.bed,2,44,207.0,27167.0,0.00917707748759
HO_HNF1A_HUMAN.H10MO.A.bed,0,38,207.0,27167.0,0.504744452386
HO_HNF1B_HUMAN.H10MO.B.bed,1,28,207.0,27167.0,0.0383509339332
HO_HNF4A_HUMAN.H10MO.A.bed,1,42,207.0,27167.0,0.0815147767175
HO_HNF4G_HUMAN.H10MO.C.bed,1,72,207.0,27167.0,0.20908333723
HO_HNF6_HUMAN.H10MO.C.bed,0,42,115.0,14022.0,0.585523619845
HO_HSF1_HUMAN.H10MO.A.bed,0,14,42.0,6518.0,0.173223598144
HO_HSF2_HUMAN.H10MO.A.bed,1,64,207.0,27167.0,0.171416037931
HO_HSF4_HUMAN.H10MO.D.bed,1,67,207.0,27167.0,0.185284083031
HO_HSFY1_HUMAN.H10MO.D.bed,0,0,0.0,0.0,0.0
HO_HTF4_HUMAN.H10MO.B.bed,0,530,207.0,27167.0,0.0333460455537
HO_HXA10_HUMAN.H10MO.C.bed,1,53,207.0,27167.0,0.12361222358
HO_HXA11_HUMAN.H10MO.D.bed,0,112,207.0,27167.0,0.847664317124
HO_HXA13_HUMAN.H10MO.C.bed,1,42,207.0,27167.0,0.0815147767175
HO_HXA1_HUMAN.H10MO.C.bed,0,29,207.0,27167.0,0.398053250472
HO_HXA2_HUMAN.H10MO.D.bed,3,112,207.0,27167.0,0.0214575371782
HO_HXA5_HUMAN.H10MO.D.bed,0,9,56.0,7061.0,0.138386012528
HO_HXA7_HUMAN.H10MO.D.bed,0,14,175.0,21572.0,0.215610510387
HO_HXA9_HUMAN.H10MO.D.bed,2,28,207.0,27167.0,0.00248211393368
HO_HXB13_HUMAN.H10MO.D.bed,0,241,207.0,27167.0,0.313983306122
HO_HXB1_HUMAN.H10MO.D.bed,0,24,124.0,16858.0,0.324955217907
HO_HXB2_HUMAN.H10MO.D.bed,1,58,207.0,27167.0,0.144708866108
HO_HXB3_HUMAN.H10MO.D.bed,1,94,175.0,21572.0,0.354557688943
HO_HXB6_HUMAN.H10MO.D.bed,0,32,207.0,27167.0,0.434433095713
HO_HXB7_HUMAN.H10MO.C.bed,0,29,207.0,27167.0,0.398053250472
HO_HXB8_HUMAN.H10MO.C.bed,0,30,207.0,27167.0,0.410272388772
HO_HXC10_HUMAN.H10MO.D.bed,2,439,156.0,20378.0,0.686925271322
HO_HXC11_HUMAN.H10MO.D.bed,0,5,207.0,27167.0,0.0750484915393
HO_HXC12_HUMAN.H10MO.D.bed,0,79,207.0,27167.0,0.907983253727
HO_HXC13_HUMAN.H10MO.D.bed,0,5,207.0,27167.0,0.0750484915393
HO_HXC6_HUMAN.H10MO.D.bed,0,61,207.0,27167.0,0.746352167328
HO_HXC8_HUMAN.H10MO.D.bed,0,22,206.0,26653.0,0.313961016731
HO_HXD10_HUMAN.H10MO.D.bed,2,62,207.0,27167.0,0.0237161069547
HO_HXD11_HUMAN.H10MO.D.bed,1,90,207.0,27167.0,0.300532358109
HO_HXD12_HUMAN.H10MO.D.bed,3,232,207.0,27167.0,0.204003169374
HO_HXD13_HUMAN.H10MO.D.bed,0,85,207.0,27167.0,0.957110423313
HO_HXD3_HUMAN.H10MO.D.bed,1,17,207.0,27167.0,0.0145754690517
HO_HXD4_HUMAN.H10MO.D.bed,7,1043,207.0,27167.0,0.914498218626
HO_HXD9_HUMAN.H10MO.D.bed,10,907,207.0,27167.0,0.175866146416
HO_ID4_HUMAN.H10MO.D.bed,2,141,207.0,27167.0,0.186590500392
HO_IKZF1_HUMAN.H10MO.C.bed,32,5049,207.0,27167.0,0.28260646687
HO_INSM1_HUMAN.H10MO.C.bed,0,32,207.0,27167.0,0.434433095713
HO_IRF1_HUMAN.H10MO.A.bed,0,341,207.0,27167.0,0.144918001026
HO_IRF2_HUMAN.H10MO.C.bed,0,181,207.0,27167.0,0.498628064656
HO_IRF3_HUMAN.H10MO.C.bed,1,217,207.0,27167.0,0.98754177974
HO_IRF4_HUMAN.H10MO.C.bed,5,458,193.0,24459.0,0.310425629309
HO_IRF5_HUMAN.H10MO.D.bed,1,62,73.0,8201.0,0.210259943441
HO_IRF7_HUMAN.H10MO.C.bed,1,684,207.0,27167.0,0.0638474842837
HO_IRF8_HUMAN.H10MO.D.bed,3,372,207.0,27167.0,0.630651491798
HO_IRF9_HUMAN.H10MO.C.bed,0,94,188.0,23065.0,0.925208151821
HO_IRX2_HUMAN.H10MO.D.bed,0,34,193.0,24459.0,0.472526908139
HO_IRX3_HUMAN.H10MO.D.bed,1,134,207.0,27167.0,0.54402416637
HO_ISL1_HUMAN.H10MO.D.bed,10,1248,207.0,27167.0,0.708158199199
HO_ISL2_HUMAN.H10MO.D.bed,1,65,207.0,27167.0,0.176002561445
HO_ISX_HUMAN.H10MO.D.bed,0,145,207.0,27167.0,0.657784643983
HO_ITF2_HUMAN.H10MO.B.bed,3,1208,207.0,27167.0,0.0325992550753
HO_JDP2_HUMAN.H10MO.D.bed,0,1,42.0,6518.0,0.0128873887557
HO_JUN_HUMAN.H10MO.A.bed,5,466,207.0,27167.0,0.293400378998
HO_JUNB_HUMAN.H10MO.C.bed,0,56,207.0,27167.0,0.697372626207
HO_JUND_HUMAN.H10MO.A.bed,1,78,197.0,25559.0,0.243156590597
HO_KAISO_HUMAN.H10MO.A.bed,0,4,207.0,27167.0,0.0602664407737
HO_KAISO_HUMAN.H10MO.S.bed,0,60,207.0,27167.0,0.736705137515
HO_KLF12_HUMAN.H10MO.D.bed,0,33,207.0,27167.0,0.44637606049
HO_KLF14_HUMAN.H10MO.D.bed,0,5,38.0,5055.0,0.0740802360306
HO_KLF15_HUMAN.H10MO.D.bed,0,92,56.0,7061.0,0.956777842969
HO_KLF1_HUMAN.H10MO.C.bed,0,118,207.0,27167.0,0.809484337803
HO_KLF3_HUMAN.H10MO.D.bed,0,65,207.0,27167.0,0.784212656252
HO_KLF4_HUMAN.H10MO.A.bed,2,558,128.0,17104.0,0.415103140083
HO_KLF6_HUMAN.H10MO.D.bed,5,571,207.0,27167.0,0.540410773331
HO_KLF8_HUMAN.H10MO.C.bed,3,138,156.0,20378.0,0.0433832314097
HO_LBX2_HUMAN.H10MO.D.bed,0,45,207.0,27167.0,0.582811636604
HO_LEF1_HUMAN.H10MO.C.bed,21,1932,207.0,27167.0,0.0772763298225
HO_LHX2_HUMAN.H10MO.D.bed,0,50,207.0,27167.0,0.636077453438
HO_LHX3_HUMAN.H10MO.C.bed,1,92,207.0,27167.0,0.311138348586
HO_LHX4_HUMAN.H10MO.D.bed,2,133,207.0,27167.0,0.163245694477
HO_LHX6_HUMAN.H10MO.D.bed,0,22,207.0,27167.0,0.309862103701
HO_LHX8_HUMAN.H10MO.D.bed,0,27,122.0,16057.0,0.372488508219
HO_LHX9_HUMAN.H10MO.D.bed,0,21,38.0,5055.0,0.293624004979
HO_LMX1A_HUMAN.H10MO.D.bed,1,190,207.0,27167.0,0.851269299697
HO_LMX1B_HUMAN.H10MO.D.bed,0,154,207.0,27167.0,0.613793193532
HO_MAF_HUMAN.H10MO.B.bed,9,468,207.0,27167.0,0.00659760449432
HO_MAFA_HUMAN.H10MO.D.bed,0,40,207.0,27167.0,0.527476047025
HO_MAFB_HUMAN.H10MO.D.bed,2,251,207.0,27167.0,0.598885115606
HO_MAFF_HUMAN.H10MO.A.bed,0,28,207.0,27167.0,0.385740649079
HO_MAFG_HUMAN.H10MO.C.bed,0,17,175.0,21572.0,0.258715769629
HO_MAFK_HUMAN.H10MO.A.bed,0,1,21.0,2584.0,0.0162538699608
HO_MAFK_HUMAN.H10MO.S.bed,0,134,207.0,27167.0,0.715833660552
HO_MAX_HUMAN.H10MO.A.bed,0,21,122.0,16057.0,0.296165758451
HO_MAZ_HUMAN.H10MO.A.bed,2,103,85.0,9349.0,0.13427384601
HO_MBD2_HUMAN.H10MO.B.bed,0,28,207.0,27167.0,0.385740649079
HO_MCR_HUMAN.H10MO.D.bed,0,45,197.0,25559.0,0.588493153374
HO_MECP2_HUMAN.H10MO.C.bed,3,717,207.0,27167.0,0.402080926992
HO_MEF2A_HUMAN.H10MO.A.bed,1,69,124.0,16858.0,0.183248958097
HO_MEF2B_HUMAN.H10MO.D.bed,0,36,207.0,27167.0,0.481663667424
HO_MEF2C_HUMAN.H10MO.C.bed,4,293,207.0,27167.0,0.148488825447
HO_MEF2D_HUMAN.H10MO.C.bed,1,105,207.0,27167.0,0.381606448014
HO_MEIS2_HUMAN.H10MO.B.bed,0,36,207.0,27167.0,0.481663667424
HO_MEIS3_HUMAN.H10MO.D.bed,0,53,207.0,27167.0,0.667075627983
HO_MEOX1_HUMAN.H10MO.D.bed,0,9,122.0,16057.0,0.132711243239
HO_MEOX2_HUMAN.H10MO.D.bed,1,73,207.0,27167.0,0.213939047173
HO_MESP1_HUMAN.H10MO.D.bed,1,325,207.0,27167.0,0.578335196168
HO_MGAP_HUMAN.H10MO.D.bed,0,7,193.0,24459.0,0.107902538828
HO_MITF_HUMAN.H10MO.C.bed,0,25,141.0,19453.0,0.332761604581
HO_MIXL1_HUMAN.H10MO.D.bed,0,25,207.0,27167.0,0.348234927199
HO_MLX_HUMAN.H10MO.D.bed,0,16,207.0,27167.0,0.230434906614
HO_MLXPL_HUMAN.H10MO.D.bed,0,3,141.0,19453.0,0.0431771793759
HO_MNT_HUMAN.H10MO.D.bed,8,684,207.0,27167.0,0.158799425589
HO_MNX1_HUMAN.H10MO.D.bed,1,184,207.0,27167.0,0.81970010941
HO_MSX1_HUMAN.H10MO.D.bed,1,52,207.0,27167.0,0.119530275816
HO_MSX2_HUMAN.H10MO.D.bed,15,1663,207.0,27167.0,0.402107002508
HO_MTF1_HUMAN.H10MO.C.bed,0,5,95.0,12206.0,0.0766408115033
HO_MUSC_HUMAN.H10MO.D.bed,0,0,0.0,0.0,0.0
HO_MYB_HUMAN.H10MO.C.bed,17,1702,207.0,27167.0,0.199741781599
HO_MYBA_HUMAN.H10MO.D.bed,0,6,207.0,27167.0,0.0897184334915
HO_MYBB_HUMAN.H10MO.D.bed,0,38,207.0,27167.0,0.504744452386
HO_MYC_HUMAN.H10MO.A.bed,0,26,207.0,27167.0,0.3608322069
HO_MYCN_HUMAN.H10MO.B.bed,4,497,207.0,27167.0,0.658097842872
HO_MYF6_HUMAN.H10MO.C.bed,28,3279,207.0,27167.0,0.444478780959
HO_MYOD1_HUMAN.H10MO.C.bed,1,451,207.0,27167.0,0.278994213338
HO_MYOG_HUMAN.H10MO.D.bed,0,4,21.0,2584.0,0.0642640619122
HO_MZF1_HUMAN.H10MO.D.bed,2,477,207.0,27167.0,0.586148375384
HO_NANOG_HUMAN.H10MO.A.bed,0,65,207.0,27167.0,0.784212656252
HO_NDF1_HUMAN.H10MO.C.bed,0,68,207.0,27167.0,0.811859305215
HO_NDF2_HUMAN.H10MO.D.bed,0,10,188.0,23065.0,0.157195928869
HO_NF2L1_HUMAN.H10MO.C.bed,35,4000,207.0,27167.0,0.322145513967
HO_NF2L2_HUMAN.H10MO.D.bed,0,117,207.0,27167.0,0.815726682418
HO_NFAC1_HUMAN.H10MO.A.bed,0,59,141.0,19453.0,0.698782694096
HO_NFAC1_HUMAN.H10MO.S.bed,0,60,207.0,27167.0,0.736705137515
HO_NFAC2_HUMAN.H10MO.B.bed,5,281,207.0,27167.0,0.04217474584
HO_NFAC3_HUMAN.H10MO.B.bed,5,201,207.0,27167.0,0.00906260751398
HO_NFAC4_HUMAN.H10MO.C.bed,2,94,207.0,27167.0,0.0705065726227
HO_NFAT5_HUMAN.H10MO.D.bed,0,40,207.0,27167.0,0.527476047025
HO_NFE2_HUMAN.H10MO.B.bed,0,86,207.0,27167.0,0.965081701049
HO_NFIA_HUMAN.H10MO.C.bed,0,35,207.0,27167.0,0.469990663904
HO_NFIL3_HUMAN.H10MO.C.bed,0,18,207.0,27167.0,0.2573149722
HO_NFKB1_HUMAN.H10MO.B.bed,1,82,207.0,27167.0,0.258912610489
HO_NFKB2_HUMAN.H10MO.D.bed,0,67,207.0,27167.0,0.802713983975
HO_NFYB_HUMAN.H10MO.A.bed,0,29,111.0,12701.0,0.449920319972
HO_NFYC_HUMAN.H10MO.B.bed,1,46,207.0,27167.0,0.0960809529186
HO_NGN2_HUMAN.H10MO.D.bed,0,40,207.0,27167.0,0.527476047025
HO_NKX21_HUMAN.H10MO.D.bed,0,54,207.0,27167.0,0.677251748894
HO_NKX22_HUMAN.H10MO.D.bed,2,106,207.0,27167.0,0.0950576299014
HO_NKX23_HUMAN.H10MO.D.bed,0,66,207.0,27167.0,0.793498612281
HO_NKX25_HUMAN.H10MO.C.bed,26,3487,207.0,27167.0,0.991125419194
HO_NKX28_HUMAN.H10MO.C.bed,0,129,207.0,27167.0,0.743878279345
HO_NKX31_HUMAN.H10MO.C.bed,3,103,207.0,27167.0,0.0161004810677
HO_NKX61_HUMAN.H10MO.D.bed,2,109,197.0,25559.0,0.104605785192
HO_NKX62_HUMAN.H10MO.D.bed,1,74,207.0,27167.0,0.218824947699
HO_NOBOX_HUMAN.H10MO.C.bed,3,227,207.0,27167.0,0.192215362787
HO_NOTO_HUMAN.H10MO.D.bed,0,5,21.0,2584.0,0.0800200521085
HO_NR1D1_HUMAN.H10MO.C.bed,0,3,30.0,3768.0,0.0474038524962
HO_NR1H2_HUMAN.H10MO.D.bed,0,12,207.0,27167.0,0.175430739801
HO_NR1H4_HUMAN.H10MO.C.bed,0,20,207.0,27167.0,0.283788666383
HO_NR1I2_HUMAN.H10MO.C.bed,0,47,207.0,27167.0,0.604361955715
HO_NR1I2_HUMAN.H10MO.S.bed,9,927,207.0,27167.0,0.343400198283
HO_NR1I3_HUMAN.H10MO.C.bed,0,25,188.0,23065.0,0.370239180323
HO_NR2C1_HUMAN.H10MO.C.bed,0,63,207.0,27167.0,0.765426835075
HO_NR2C2_HUMAN.H10MO.A.bed,0,63,197.0,25559.0,0.772365338427
HO_NR2E3_HUMAN.H10MO.C.bed,1,68,207.0,27167.0,0.189977461592
HO_NR4A1_HUMAN.H10MO.C.bed,1,177,207.0,27167.0,0.782347226106
HO_NR4A2_HUMAN.H10MO.C.bed,1,177,207.0,27167.0,0.782347226106
HO_NR4A3_HUMAN.H10MO.D.bed,0,41,156.0,20378.0,0.540985945283
HO_NR6A1_HUMAN.H10MO.B.bed,0,51,207.0,27167.0,0.646489075904
HO_NRF1_HUMAN.H10MO.A.bed,0,12,207.0,27167.0,0.175430739801
HO_OLIG1_HUMAN.H10MO.D.bed,0,13,207.0,27167.0,0.189339259023
HO_OLIG3_HUMAN.H10MO.D.bed,0,16,141.0,19453.0,0.219831628796
HO_ONEC2_HUMAN.H10MO.D.bed,2,150,128.0,17104.0,0.205372220728
HO_ONEC3_HUMAN.H10MO.D.bed,0,85,207.0,27167.0,0.957110423313
HO_OTX1_HUMAN.H10MO.D.bed,3,396,207.0,27167.0,0.713356501899
HO_OTX2_HUMAN.H10MO.C.bed,0,84,207.0,27167.0,0.949078047178
HO_OVOL1_HUMAN.H10MO.C.bed,1,148,207.0,27167.0,0.622786222752
HO_P53_HUMAN.H10MO.B.bed,0,59,207.0,27167.0,0.726984233577
HO_P5F1B_HUMAN.H10MO.D.bed,0,8,30.0,3768.0,0.124006697076
HO_P63_HUMAN.H10MO.A.bed,0,39,124.0,16858.0,0.500856469502
HO_P63_HUMAN.H10MO.S.bed,0,69,207.0,27167.0,0.820935105932
HO_P73_HUMAN.H10MO.A.bed,0,183,207.0,27167.0,0.491007665894
HO_P73_HUMAN.H10MO.S.bed,2,141,207.0,27167.0,0.186590500392
HO_PAX1_HUMAN.H10MO.D.bed,0,1,122.0,16057.0,0.0151958647969
HO_PAX2_HUMAN.H10MO.D.bed,0,18,188.0,23065.0,0.274053429047
HO_PAX2_HUMAN.H10MO.S.bed,10,1451,207.0,27167.0,0.898605114136
HO_PAX3_HUMAN.H10MO.D.bed,0,9,193.0,24459.0,0.137653974545
HO_PAX4_HUMAN.H10MO.D.bed,0,39,207.0,27167.0,0.516153567934
HO_PAX5_HUMAN.H10MO.A.bed,2,328,207.0,27167.0,0.914484236404
HO_PAX5_HUMAN.H10MO.S.bed,25,4432,207.0,27167.0,0.11034609501
HO_PAX6_HUMAN.H10MO.D.bed,0,10,207.0,27167.0,0.147293939846
HO_PAX7_HUMAN.H10MO.D.bed,0,13,207.0,27167.0,0.189339259023
HO_PAX8_HUMAN.H10MO.D.bed,0,39,207.0,27167.0,0.516153567934
HO_PBX1_HUMAN.H10MO.B.bed,0,6,73.0,8201.0,0.104498395079
HO_PBX2_HUMAN.H10MO.C.bed,0,31,193.0,24459.0,0.435741026635
HO_PEBB_HUMAN.H10MO.C.bed,5,518,207.0,27167.0,0.408836369217
HO_PHX2A_HUMAN.H10MO.D.bed,0,42,207.0,27167.0,0.54986370914
HO_PHX2B_HUMAN.H10MO.D.bed,0,46,207.0,27167.0,0.593627874087
HO_PIT1_HUMAN.H10MO.C.bed,0,84,207.0,27167.0,0.949078047178
HO_PITX1_HUMAN.H10MO.D.bed,0,39,207.0,27167.0,0.516153567934
HO_PITX2_HUMAN.H10MO.D.bed,0,100,207.0,27167.0,0.929482977472
HO_PITX3_HUMAN.H10MO.D.bed,0,34,207.0,27167.0,0.458228354851
HO_PKNX2_HUMAN.H10MO.D.bed,0,64,175.0,21572.0,0.81342335392
HO_PLAG1_HUMAN.H10MO.D.bed,3,125,207.0,27167.0,0.0310379604357
HO_PLAG1_HUMAN.H10MO.S.bed,0,22,129.0,17898.0,0.2944050182
HO_PLAL1_HUMAN.H10MO.D.bed,0,11,122.0,16057.0,0.160995184903
HO_PO2F2_HUMAN.H10MO.D.bed,0,94,207.0,27167.0,0.973292847445
HO_PO2F3_HUMAN.H10MO.D.bed,0,60,207.0,27167.0,0.736705137515
HO_PO3F1_HUMAN.H10MO.C.bed,2,41,175.0,21572.0,0.00892263816469
HO_PO3F2_HUMAN.H10MO.D.bed,1,15,73.0,8201.0,0.015227600204
HO_PO3F3_HUMAN.H10MO.D.bed,0,184,207.0,27167.0,0.487241041723
HO_PO3F4_HUMAN.H10MO.D.bed,0,77,207.0,27167.0,0.891101061319
HO_PO4F1_HUMAN.H10MO.D.bed,1,37,188.0,23065.0,0.0730433282244
HO_PO4F3_HUMAN.H10MO.D.bed,0,38,207.0,27167.0,0.504744452386
HO_PO5F1_HUMAN.H10MO.A.bed,0,1,21.0,2584.0,0.0162538699608
HO_PO6F2_HUMAN.H10MO.D.bed,0,26,207.0,27167.0,0.3608322069
HO_PPARA_HUMAN.H10MO.C.bed,0,58,207.0,27167.0,0.717188892675
HO_PPARA_HUMAN.H10MO.S.bed,16,2639,207.0,27167.0,0.3999107894
HO_PPARD_HUMAN.H10MO.D.bed,0,43,207.0,27167.0,0.560930187057
HO_PPARG_HUMAN.H10MO.A.bed,0,68,207.0,27167.0,0.811859305215
HO_PPARG_HUMAN.H10MO.S.bed,4,471,207.0,27167.0,0.580819349249
HO_PRD14_HUMAN.H10MO.C.bed,0,50,207.0,27167.0,0.636077453438
HO_PRDM1_HUMAN.H10MO.C.bed,2,155,207.0,27167.0,0.230489385779
HO_PRDM4_HUMAN.H10MO.D.bed,0,10,175.0,21572.0,0.156482203093
HO_PRGR_HUMAN.H10MO.C.bed,0,59,207.0,27167.0,0.726984233577
HO_PRGR_HUMAN.H10MO.S.bed,25,3506,207.0,27167.0,0.819200840597
HO_PROP1_HUMAN.H10MO.D.bed,3,86,207.0,27167.0,0.00854443203875
HO_PROX1_HUMAN.H10MO.D.bed,1,92,207.0,27167.0,0.311138348586
HO_PRRX1_HUMAN.H10MO.D.bed,24,2862,207.0,27167.0,0.528451780251
HO_PRRX2_HUMAN.H10MO.C.bed,26,3508,207.0,27167.0,0.982234584725
HO_PTF1A_HUMAN.H10MO.C.bed,0,32,95.0,12206.0,0.442945706183
HO_PURA_HUMAN.H10MO.D.bed,2,253,197.0,25559.0,0.619337701774
HO_RARA_HUMAN.H10MO.S.bed,25,4099,207.0,27167.0,0.260875356746
HO_RARB_HUMAN.H10MO.D.bed,4,1119,124.0,16858.0,0.158351822045
HO_RARG_HUMAN.H10MO.C.bed,0,34,175.0,21572.0,0.484130973169
HO_RARG_HUMAN.H10MO.S.bed,25,4099,207.0,27167.0,0.260875356746
HO_RAX2_HUMAN.H10MO.D.bed,1,79,207.0,27167.0,0.243681867977
HO_REL_HUMAN.H10MO.C.bed,1,88,86.0,10503.0,0.324291937618
HO_RELB_HUMAN.H10MO.C.bed,1,89,124.0,16858.0,0.278892381554
HO_RFX1_HUMAN.H10MO.C.bed,0,37,207.0,27167.0,0.493248040344
HO_RFX2_HUMAN.H10MO.C.bed,0,30,141.0,19453.0,0.392396299734
HO_RFX3_HUMAN.H10MO.B.bed,0,35,156.0,20378.0,0.472007413782
HO_RFX4_HUMAN.H10MO.D.bed,0,23,207.0,27167.0,0.32275061136
HO_RFX5_HUMAN.H10MO.A.bed,0,37,188.0,23065.0,0.522884272243
HO_RHXF1_HUMAN.H10MO.D.bed,0,4,38.0,5055.0,0.0594812033129
HO_RORA_HUMAN.H10MO.B.bed,0,10,42.0,6518.0,0.125284498553
HO_RORG_HUMAN.H10MO.C.bed,0,30,207.0,27167.0,0.410272388772
HO_RREB1_HUMAN.H10MO.D.bed,0,139,141.0,19453.0,0.724956146906
HO_RUNX1_HUMAN.H10MO.A.bed,2,170,207.0,27167.0,0.281348602349
HO_RUNX2_HUMAN.H10MO.B.bed,3,158,207.0,27167.0,0.0661099416266
HO_RX_HUMAN.H10MO.D.bed,0,62,141.0,19453.0,0.726958981289
HO_RXRA_HUMAN.H10MO.C.bed,0,54,207.0,27167.0,0.677251748894
HO_RXRB_HUMAN.H10MO.C.bed,1,90,207.0,27167.0,0.300532358109
HO_RXRG_HUMAN.H10MO.B.bed,0,25,207.0,27167.0,0.348234927199
HO_SCRT1_HUMAN.H10MO.D.bed,0,27,156.0,20378.0,0.374971290305
HO_SCRT2_HUMAN.H10MO.D.bed,0,35,207.0,27167.0,0.469990663904
HO_SHOX2_HUMAN.H10MO.D.bed,1,131,207.0,27167.0,0.527100987927
HO_SMAD1_HUMAN.H10MO.D.bed,1,13,38.0,5055.0,0.00814818113459
HO_SMAD2_HUMAN.H10MO.C.bed,0,53,207.0,27167.0,0.667075627983
HO_SMAD3_HUMAN.H10MO.C.bed,0,131,207.0,27167.0,0.732531567876
HO_SMAD4_HUMAN.H10MO.C.bed,0,54,207.0,27167.0,0.677251748894
HO_SMRC1_HUMAN.H10MO.D.bed,0,79,115.0,14022.0,0.958417230097
HO_SNAI1_HUMAN.H10MO.C.bed,11,1051,207.0,27167.0,0.214790371515
HO_SNAI2_HUMAN.H10MO.C.bed,41,6236,207.0,27167.0,0.318153618182
HO_SOX10_HUMAN.H10MO.D.bed,29,3347,207.0,27167.0,0.391792969171
HO_SOX11_HUMAN.H10MO.D.bed,0,0,30.0,3768.0,0.0
HO_SOX15_HUMAN.H10MO.D.bed,15,2084,207.0,27167.0,0.949882270974
HO_SOX17_HUMAN.H10MO.D.bed,0,15,207.0,27167.0,0.216840548787
HO_SOX18_HUMAN.H10MO.D.bed,1,46,207.0,27167.0,0.0960809529186
HO_SOX1_HUMAN.H10MO.D.bed,0,22,207.0,27167.0,0.309862103701
HO_SOX21_HUMAN.H10MO.D.bed,0,19,122.0,16057.0,0.269944215686
HO_SOX2_HUMAN.H10MO.B.bed,0,24,193.0,24459.0,0.346444019613
HO_SOX3_HUMAN.H10MO.D.bed,0,45,207.0,27167.0,0.582811636604
HO_SOX4_HUMAN.H10MO.C.bed,0,19,207.0,27167.0,0.270602231421
HO_SOX5_HUMAN.H10MO.C.bed,12,1367,207.0,27167.0,0.489039172229
HO_SOX7_HUMAN.H10MO.D.bed,0,13,207.0,27167.0,0.189339259023
HO_SOX9_HUMAN.H10MO.B.bed,2,95,207.0,27167.0,0.0724095116106
HO_SP1_HUMAN.H10MO.C.bed,0,150,95.0,12206.0,0.615008421188
HO_SP1_HUMAN.H10MO.S.bed,1,280,207.0,27167.0,0.737018756665
HO_SP2_HUMAN.H10MO.C.bed,0,149,122.0,16057.0,0.638548606957
HO_SP3_HUMAN.H10MO.B.bed,0,31,30.0,3768.0,0.440526486591
HO_SP4_HUMAN.H10MO.D.bed,1,33,30.0,3768.0,0.0555413510934
HO_SPDEF_HUMAN.H10MO.D.bed,0,30,207.0,27167.0,0.410272388772
HO_SPI1_HUMAN.H10MO.A.bed,0,66,42.0,6518.0,0.69743098069
HO_SPIB_HUMAN.H10MO.B.bed,4,491,207.0,27167.0,0.640146482354
HO_SPZ1_HUMAN.H10MO.D.bed,0,18,197.0,25559.0,0.26010389051
HO_SRBP1_HUMAN.H10MO.B.bed,0,140,207.0,27167.0,0.683565777247
HO_SRBP2_HUMAN.H10MO.B.bed,0,209,188.0,23065.0,0.358739618617
HO_SRF_HUMAN.H10MO.A.bed,1,123,207.0,27167.0,0.482010600171
HO_SRY_HUMAN.H10MO.B.bed,12,1383,115.0,14022.0,0.689796039019
HO_STA5A_HUMAN.H10MO.B.bed,0,49,73.0,8201.0,0.711169766923
HO_STA5B_HUMAN.H10MO.C.bed,2,176,207.0,27167.0,0.302666384913
HO_STAT1_HUMAN.H10MO.A.bed,0,14,128.0,17104.0,0.199719961833
HO_STAT1_HUMAN.H10MO.S.bed,0,73,207.0,27167.0,0.856553563189
HO_STAT2_HUMAN.H10MO.B.bed,6,362,207.0,27167.0,0.0428942261669
HO_STAT3_HUMAN.H10MO.A.bed,0,21,207.0,27167.0,0.296875038523
HO_STAT4_HUMAN.H10MO.D.bed,0,170,207.0,27167.0,0.542693073969
HO_STAT6_HUMAN.H10MO.C.bed,2,80,207.0,27167.0,0.0466574537161
HO_STF1_HUMAN.H10MO.B.bed,1,267,207.0,27167.0,0.788728315229
HO_TAL1_HUMAN.H10MO.A.bed,0,5,85.0,9349.0,0.0892992896692
HO_TAL1_HUMAN.H10MO.S.bed,1,9,141.0,19453.0,0.00363274984452
HO_TBP_HUMAN.H10MO.C.bed,0,4,21.0,2584.0,0.0642640619122
HO_TBR1_HUMAN.H10MO.D.bed,0,39,207.0,27167.0,0.516153567934
HO_TBX15_HUMAN.H10MO.D.bed,3,483,207.0,27167.0,0.992943430348
HO_TBX19_HUMAN.H10MO.D.bed,0,6,122.0,16057.0,0.0894744436167
HO_TBX1_HUMAN.H10MO.D.bed,1,185,207.0,27167.0,0.824991223093
HO_TBX20_HUMAN.H10MO.D.bed,1,18,207.0,27167.0,0.0163156620295
HO_TBX21_HUMAN.H10MO.D.bed,1,34,207.0,27167.0,0.0552503462151
HO_TBX2_HUMAN.H10MO.D.bed,1,240,207.0,27167.0,0.904699625721
HO_TBX3_HUMAN.H10MO.D.bed,0,31,207.0,27167.0,0.422398770316
HO_TBX4_HUMAN.H10MO.D.bed,0,25,207.0,27167.0,0.348234927199
HO_TBX5_HUMAN.H10MO.D.bed,6,885,122.0,16057.0,0.97597791211
HO_TCF7_HUMAN.H10MO.C.bed,0,39,207.0,27167.0,0.516153567934
HO_TEAD1_HUMAN.H10MO.D.bed,0,61,129.0,17898.0,0.714493156508
HO_TEAD3_HUMAN.H10MO.D.bed,0,82,207.0,27167.0,0.932828131665
HO_TEAD4_HUMAN.H10MO.A.bed,0,115,207.0,27167.0,0.828355448224
HO_TEF_HUMAN.H10MO.D.bed,0,51,207.0,27167.0,0.646489075904
HO_TF2LX_HUMAN.H10MO.D.bed,0,21,207.0,27167.0,0.296875038523
HO_TF65_HUMAN.H10MO.A.bed,0,111,207.0,27167.0,0.854199626236
HO_TF7L1_HUMAN.H10MO.D.bed,0,0,38.0,5055.0,0.0
HO_TF7L2_HUMAN.H10MO.A.bed,1,109,207.0,27167.0,0.403708806456
HO_TFAP4_HUMAN.H10MO.C.bed,1,52,207.0,27167.0,0.119530275816
HO_TFCP2_HUMAN.H10MO.D.bed,0,7,38.0,5055.0,0.1029581745
HO_TFDP1_HUMAN.H10MO.D.bed,1,249,207.0,27167.0,0.86476004695
HO_TFDP1_HUMAN.H10MO.S.bed,0,0,0.0,0.0,0.0
HO_TFE2_HUMAN.H10MO.C.bed,0,52,197.0,25559.0,0.663047308091
HO_TFE3_HUMAN.H10MO.C.bed,2,92,207.0,27167.0,0.0667798056337
HO_TFEB_HUMAN.H10MO.C.bed,1,135,207.0,27167.0,0.549664283544
HO_TGIF1_HUMAN.H10MO.D.bed,0,45,175.0,21572.0,0.614271535546
HO_TGIF1_HUMAN.H10MO.S.bed,50,6819,207.0,27167.0,0.824344438679
HO_TGIF2_HUMAN.H10MO.D.bed,0,96,207.0,27167.0,0.958465891765
HO_THA_HUMAN.H10MO.C.bed,6,1096,207.0,27167.0,0.532043816614
HO_THA_HUMAN.H10MO.S.bed,0,109,207.0,27167.0,0.86742104884
HO_THAP1_HUMAN.H10MO.D.bed,0,23,207.0,27167.0,0.32275061136
HO_THB_HUMAN.H10MO.C.bed,0,232,207.0,27167.0,0.336562488226
HO_THB_HUMAN.H10MO.S.bed,0,35,207.0,27167.0,0.469990663904
HO_TLX1_HUMAN.H10MO.D.bed,1,43,207.0,27167.0,0.0850716386578
HO_TLX1_HUMAN.H10MO.S.bed,0,39,207.0,27167.0,0.516153567934
HO_TWST1_HUMAN.H10MO.D.bed,0,161,207.0,27167.0,0.581612622473
HO_TYY1_HUMAN.H10MO.A.bed,0,14,207.0,27167.0,0.203142263017
HO_UBIP1_HUMAN.H10MO.D.bed,82,10262,193.0,24459.0,0.820485305177
HO_USF2_HUMAN.H10MO.A.bed,1,17,122.0,16057.0,0.0144545224064
HO_VAX1_HUMAN.H10MO.D.bed,0,26,207.0,27167.0,0.3608322069
HO_VAX2_HUMAN.H10MO.D.bed,0,20,207.0,27167.0,0.283788666383
HO_VDR_HUMAN.H10MO.B.bed,1,61,188.0,23065.0,0.17705170582
HO_VDR_HUMAN.H10MO.S.bed,61,9422,207.0,27167.0,0.128701901596
HO_VENTX_HUMAN.H10MO.D.bed,3,60,207.0,27167.0,0.00228741558011
HO_VSX1_HUMAN.H10MO.D.bed,1,57,197.0,25559.0,0.143204232273
HO_VSX2_HUMAN.H10MO.D.bed,0,44,207.0,27167.0,0.571912617863
HO_WT1_HUMAN.H10MO.D.bed,1,190,207.0,27167.0,0.851269299697
HO_XBP1_HUMAN.H10MO.C.bed,0,17,206.0,26653.0,0.247217218624
HO_YBOX1_HUMAN.H10MO.D.bed,0,0,21.0,2584.0,0.0
HO_ZBED1_HUMAN.H10MO.D.bed,0,0,0.0,0.0,0.0
HO_ZBT18_HUMAN.H10MO.D.bed,1,31,207.0,27167.0,0.0464809429601
HO_ZBT49_HUMAN.H10MO.D.bed,0,4,207.0,27167.0,0.0602664407737
HO_ZBT7A_HUMAN.H10MO.D.bed,1,53,207.0,27167.0,0.12361222358
HO_ZBT7B_HUMAN.H10MO.D.bed,0,34,207.0,27167.0,0.458228354851
HO_ZBTB4_HUMAN.H10MO.D.bed,0,3,73.0,8201.0,0.0529405252123
HO_ZBTB4_HUMAN.H10MO.S.bed,0,7,207.0,27167.0,0.104277112519
HO_ZBTB6_HUMAN.H10MO.D.bed,0,19,207.0,27167.0,0.270602231421
HO_ZEB1_HUMAN.H10MO.B.bed,1,128,207.0,27167.0,0.510180453945
HO_ZEP1_HUMAN.H10MO.D.bed,1,85,207.0,27167.0,0.274358447503
HO_ZEP2_HUMAN.H10MO.D.bed,1,29,207.0,27167.0,0.0409878139091
HO_ZFHX3_HUMAN.H10MO.D.bed,0,59,207.0,27167.0,0.726984233577
HO_ZFX_HUMAN.H10MO.C.bed,1,114,207.0,27167.0,0.431534597884
HO_ZIC1_HUMAN.H10MO.B.bed,0,105,207.0,27167.0,0.8944779328
HO_ZIC2_HUMAN.H10MO.C.bed,0,105,207.0,27167.0,0.8944779328
HO_ZIC3_HUMAN.H10MO.C.bed,1,114,207.0,27167.0,0.431534597884
HO_ZIC4_HUMAN.H10MO.D.bed,0,0,0.0,0.0,0.0
HO_ZKSC1_HUMAN.H10MO.C.bed,0,203,156.0,20378.0,0.416997857619
HO_ZKSC3_HUMAN.H10MO.D.bed,0,3,207.0,27167.0,0.0453714283414
HO_ZN143_HUMAN.H10MO.A.bed,0,39,207.0,27167.0,0.516153567934
HO_ZN148_HUMAN.H10MO.D.bed,2,568,207.0,27167.0,0.379517473853
HO_ZN219_HUMAN.H10MO.D.bed,0,46,207.0,27167.0,0.593627874087
HO_ZN232_HUMAN.H10MO.D.bed,0,6,141.0,19453.0,0.0854286933109
HO_ZN333_HUMAN.H10MO.D.bed,0,89,207.0,27167.0,0.988633550809
HO_ZN350_HUMAN.H10MO.C.bed,0,1,21.0,2584.0,0.0162538699608
HO_ZN384_HUMAN.H10MO.C.bed,0,26,175.0,21572.0,0.381917013455
HO_ZN410_HUMAN.H10MO.D.bed,0,7,197.0,25559.0,0.105455960185
HO_ZN423_HUMAN.H10MO.D.bed,0,7,207.0,27167.0,0.104277112519
HO_ZN524_HUMAN.H10MO.D.bed,0,3,141.0,19453.0,0.0431771793759
HO_ZN589_HUMAN.H10MO.D.bed,0,13,111.0,12701.0,0.215781457004
HO_ZN639_HUMAN.H10MO.D.bed,0,20,207.0,27167.0,0.283788666383
HO_ZN652_HUMAN.H10MO.D.bed,0,29,207.0,27167.0,0.398053250472
HO_ZN713_HUMAN.H10MO.D.bed,0,165,111.0,12701.0,0.465483950338
HO_ZN740_HUMAN.H10MO.D.bed,1,98,175.0,21572.0,0.377875051673
HO_ZN784_HUMAN.H10MO.D.bed,0,38,207.0,27167.0,0.504744452386
HO_ZSC16_HUMAN.H10MO.D.bed,1,25,207.0,27167.0,0.0308944070137
HO_ZSCA4_HUMAN.H10MO.D.bed,0,53,207.0,27167.0,0.667075627983
